Date,Type,Million Standard Cubic Metres,Terajoules,1000 Metric Tons
01/01/2009,Production,0,0,0
01/01/2009,Receipts from Other Sources,0,0,0
01/01/2009,Imports,0,0,0
01/01/2009,LNG,0,0,0
01/01/2009,Pipeline,0,0,0
01/01/2009,Exports,0,0,0
01/01/2009,LNG,0,0,0
01/01/2009,Pipeline,0,0,0
01/01/2009,Stock Change,0,0,0
01/01/2009,Gross Inland Deliveries (Calculated),0,0,0
01/01/2009,Statistical Difference (Calculated),0,0,0
01/01/2009,Gross Inland Deliveries (Observed),0,0,0
01/01/2009,of which: Electricity and Heat Generation,0,0,0
01/01/2009,Closing Stocks,0,0,0
01/02/2009,Production,0,0,0
01/02/2009,Receipts from Other Sources,0,0,0
01/02/2009,Imports,0,0,0
01/02/2009,LNG,0,0,0
01/02/2009,Pipeline,0,0,0
01/02/2009,Exports,0,0,0
01/02/2009,LNG,0,0,0
01/02/2009,Pipeline,0,0,0
01/02/2009,Stock Change,0,0,0
01/02/2009,Gross Inland Deliveries (Calculated),0,0,0
01/02/2009,Statistical Difference (Calculated),0,0,0
01/02/2009,Gross Inland Deliveries (Observed),0,0,0
01/02/2009,of which: Electricity and Heat Generation,0,0,0
01/02/2009,Closing Stocks,0,0,0
01/03/2009,Production,0,0,0
01/03/2009,Receipts from Other Sources,0,0,0
01/03/2009,Imports,0,0,0
01/03/2009,LNG,0,0,0
01/03/2009,Pipeline,0,0,0
01/03/2009,Exports,0,0,0
01/03/2009,LNG,0,0,0
01/03/2009,Pipeline,0,0,0
01/03/2009,Stock Change,0,0,0
01/03/2009,Gross Inland Deliveries (Calculated),0,0,0
01/03/2009,Statistical Difference (Calculated),0,0,0
01/03/2009,Gross Inland Deliveries (Observed),0,0,0
01/03/2009,of which: Electricity and Heat Generation,0,0,0
01/03/2009,Closing Stocks,0,0,0
01/04/2009,Production,0,0,0
01/04/2009,Receipts from Other Sources,0,0,0
01/04/2009,Imports,0,0,0
01/04/2009,LNG,0,0,0
01/04/2009,Pipeline,0,0,0
01/04/2009,Exports,0,0,0
01/04/2009,LNG,0,0,0
01/04/2009,Pipeline,0,0,0
01/04/2009,Stock Change,0,0,0
01/04/2009,Gross Inland Deliveries (Calculated),0,0,0
01/04/2009,Statistical Difference (Calculated),0,0,0
01/04/2009,Gross Inland Deliveries (Observed),0,0,0
01/04/2009,of which: Electricity and Heat Generation,0,0,0
01/04/2009,Closing Stocks,0,0,0
01/05/2009,Production,0,0,0
01/05/2009,Receipts from Other Sources,0,0,0
01/05/2009,Imports,0,0,0
01/05/2009,LNG,0,0,0
01/05/2009,Pipeline,0,0,0
01/05/2009,Exports,0,0,0
01/05/2009,LNG,0,0,0
01/05/2009,Pipeline,0,0,0
01/05/2009,Stock Change,0,0,0
01/05/2009,Gross Inland Deliveries (Calculated),0,0,0
01/05/2009,Statistical Difference (Calculated),0,0,0
01/05/2009,Gross Inland Deliveries (Observed),0,0,0
01/05/2009,of which: Electricity and Heat Generation,0,0,0
01/05/2009,Closing Stocks,0,0,0
01/06/2009,Production,0,0,0
01/06/2009,Receipts from Other Sources,0,0,0
01/06/2009,Imports,0,0,0
01/06/2009,LNG,0,0,0
01/06/2009,Pipeline,0,0,0
01/06/2009,Exports,0,0,0
01/06/2009,LNG,0,0,0
01/06/2009,Pipeline,0,0,0
01/06/2009,Stock Change,0,0,0
01/06/2009,Gross Inland Deliveries (Calculated),0,0,0
01/06/2009,Statistical Difference (Calculated),0,0,0
01/06/2009,Gross Inland Deliveries (Observed),0,0,0
01/06/2009,of which: Electricity and Heat Generation,0,0,0
01/06/2009,Closing Stocks,0,0,0
01/07/2009,Production,0,0,0
01/07/2009,Receipts from Other Sources,0,0,0
01/07/2009,Imports,0,0,0
01/07/2009,LNG,0,0,0
01/07/2009,Pipeline,0,0,0
01/07/2009,Exports,0,0,0
01/07/2009,LNG,0,0,0
01/07/2009,Pipeline,0,0,0
01/07/2009,Stock Change,0,0,0
01/07/2009,Gross Inland Deliveries (Calculated),0,0,0
01/07/2009,Statistical Difference (Calculated),0,0,0
01/07/2009,Gross Inland Deliveries (Observed),0,0,0
01/07/2009,of which: Electricity and Heat Generation,0,0,0
01/07/2009,Closing Stocks,0,0,0
01/08/2009,Production,0,0,0
01/08/2009,Receipts from Other Sources,0,0,0
01/08/2009,Imports,0,0,0
01/08/2009,LNG,0,0,0
01/08/2009,Pipeline,0,0,0
01/08/2009,Exports,0,0,0
01/08/2009,LNG,0,0,0
01/08/2009,Pipeline,0,0,0
01/08/2009,Stock Change,0,0,0
01/08/2009,Gross Inland Deliveries (Calculated),0,0,0
01/08/2009,Statistical Difference (Calculated),0,0,0
01/08/2009,Gross Inland Deliveries (Observed),0,0,0
01/08/2009,of which: Electricity and Heat Generation,0,0,0
01/08/2009,Closing Stocks,0,0,0
01/09/2009,Production,0,0,0
01/09/2009,Receipts from Other Sources,0,0,0
01/09/2009,Imports,0,0,0
01/09/2009,LNG,0,0,0
01/09/2009,Pipeline,0,0,0
01/09/2009,Exports,0,0,0
01/09/2009,LNG,0,0,0
01/09/2009,Pipeline,0,0,0
01/09/2009,Stock Change,0,0,0
01/09/2009,Gross Inland Deliveries (Calculated),0,0,0
01/09/2009,Statistical Difference (Calculated),0,0,0
01/09/2009,Gross Inland Deliveries (Observed),0,0,0
01/09/2009,of which: Electricity and Heat Generation,0,0,0
01/09/2009,Closing Stocks,0,0,0
01/10/2009,Production,0,0,0
01/10/2009,Receipts from Other Sources,0,0,0
01/10/2009,Imports,0,0,0
01/10/2009,LNG,0,0,0
01/10/2009,Pipeline,0,0,0
01/10/2009,Exports,0,0,0
01/10/2009,LNG,0,0,0
01/10/2009,Pipeline,0,0,0
01/10/2009,Stock Change,0,0,0
01/10/2009,Gross Inland Deliveries (Calculated),0,0,0
01/10/2009,Statistical Difference (Calculated),0,0,0
01/10/2009,Gross Inland Deliveries (Observed),0,0,0
01/10/2009,of which: Electricity and Heat Generation,0,0,0
01/10/2009,Closing Stocks,0,0,0
01/11/2009,Production,0,0,0
01/11/2009,Receipts from Other Sources,0,0,0
01/11/2009,Imports,0,0,0
01/11/2009,LNG,0,0,0
01/11/2009,Pipeline,0,0,0
01/11/2009,Exports,0,0,0
01/11/2009,LNG,0,0,0
01/11/2009,Pipeline,0,0,0
01/11/2009,Stock Change,0,0,0
01/11/2009,Gross Inland Deliveries (Calculated),0,0,0
01/11/2009,Statistical Difference (Calculated),0,0,0
01/11/2009,Gross Inland Deliveries (Observed),0,0,0
01/11/2009,of which: Electricity and Heat Generation,0,0,0
01/11/2009,Closing Stocks,0,0,0
01/12/2009,Production,0,0,0
01/12/2009,Receipts from Other Sources,0,0,0
01/12/2009,Imports,0,0,0
01/12/2009,LNG,0,0,0
01/12/2009,Pipeline,0,0,0
01/12/2009,Exports,0,0,0
01/12/2009,LNG,0,0,0
01/12/2009,Pipeline,0,0,0
01/12/2009,Stock Change,0,0,0
01/12/2009,Gross Inland Deliveries (Calculated),0,0,0
01/12/2009,Statistical Difference (Calculated),0,0,0
01/12/2009,Gross Inland Deliveries (Observed),0,0,0
01/12/2009,of which: Electricity and Heat Generation,0,0,0
01/12/2009,Closing Stocks,0,0,0
01/01/2010,Production,0,0,0
01/01/2010,Receipts from Other Sources,0,0,0
01/01/2010,Imports,0,0,0
01/01/2010,LNG,0,0,0
01/01/2010,Pipeline,0,0,0
01/01/2010,Exports,0,0,0
01/01/2010,LNG,0,0,0
01/01/2010,Pipeline,0,0,0
01/01/2010,Stock Change,0,0,0
01/01/2010,Gross Inland Deliveries (Calculated),0,0,0
01/01/2010,Statistical Difference (Calculated),0,0,0
01/01/2010,Gross Inland Deliveries (Observed),0,0,0
01/01/2010,of which: Electricity and Heat Generation,0,0,0
01/01/2010,Closing Stocks,0,0,0
01/02/2010,Production,0,0,0
01/02/2010,Receipts from Other Sources,0,0,0
01/02/2010,Imports,0,0,0
01/02/2010,LNG,0,0,0
01/02/2010,Pipeline,0,0,0
01/02/2010,Exports,0,0,0
01/02/2010,LNG,0,0,0
01/02/2010,Pipeline,0,0,0
01/02/2010,Stock Change,0,0,0
01/02/2010,Gross Inland Deliveries (Calculated),0,0,0
01/02/2010,Statistical Difference (Calculated),0,0,0
01/02/2010,Gross Inland Deliveries (Observed),0,0,0
01/02/2010,of which: Electricity and Heat Generation,0,0,0
01/02/2010,Closing Stocks,0,0,0
01/03/2010,Production,0,0,0
01/03/2010,Receipts from Other Sources,0,0,0
01/03/2010,Imports,0,0,0
01/03/2010,LNG,0,0,0
01/03/2010,Pipeline,0,0,0
01/03/2010,Exports,0,0,0
01/03/2010,LNG,0,0,0
01/03/2010,Pipeline,0,0,0
01/03/2010,Stock Change,0,0,0
01/03/2010,Gross Inland Deliveries (Calculated),0,0,0
01/03/2010,Statistical Difference (Calculated),0,0,0
01/03/2010,Gross Inland Deliveries (Observed),0,0,0
01/03/2010,of which: Electricity and Heat Generation,0,0,0
01/03/2010,Closing Stocks,0,0,0
01/04/2010,Production,0,0,0
01/04/2010,Receipts from Other Sources,0,0,0
01/04/2010,Imports,0,0,0
01/04/2010,LNG,0,0,0
01/04/2010,Pipeline,0,0,0
01/04/2010,Exports,0,0,0
01/04/2010,LNG,0,0,0
01/04/2010,Pipeline,0,0,0
01/04/2010,Stock Change,0,0,0
01/04/2010,Gross Inland Deliveries (Calculated),0,0,0
01/04/2010,Statistical Difference (Calculated),0,0,0
01/04/2010,Gross Inland Deliveries (Observed),0,0,0
01/04/2010,of which: Electricity and Heat Generation,0,0,0
01/04/2010,Closing Stocks,0,0,0
01/05/2010,Production,0,0,0
01/05/2010,Receipts from Other Sources,0,0,0
01/05/2010,Imports,0,0,0
01/05/2010,LNG,0,0,0
01/05/2010,Pipeline,0,0,0
01/05/2010,Exports,0,0,0
01/05/2010,LNG,0,0,0
01/05/2010,Pipeline,0,0,0
01/05/2010,Stock Change,0,0,0
01/05/2010,Gross Inland Deliveries (Calculated),0,0,0
01/05/2010,Statistical Difference (Calculated),0,0,0
01/05/2010,Gross Inland Deliveries (Observed),0,0,0
01/05/2010,of which: Electricity and Heat Generation,0,0,0
01/05/2010,Closing Stocks,0,0,0
01/06/2010,Production,0,0,0
01/06/2010,Receipts from Other Sources,0,0,0
01/06/2010,Imports,0,0,0
01/06/2010,LNG,0,0,0
01/06/2010,Pipeline,0,0,0
01/06/2010,Exports,0,0,0
01/06/2010,LNG,0,0,0
01/06/2010,Pipeline,0,0,0
01/06/2010,Stock Change,0,0,0
01/06/2010,Gross Inland Deliveries (Calculated),0,0,0
01/06/2010,Statistical Difference (Calculated),0,0,0
01/06/2010,Gross Inland Deliveries (Observed),0,0,0
01/06/2010,of which: Electricity and Heat Generation,0,0,0
01/06/2010,Closing Stocks,0,0,0
01/07/2010,Production,0,0,0
01/07/2010,Receipts from Other Sources,0,0,0
01/07/2010,Imports,0,0,0
01/07/2010,LNG,0,0,0
01/07/2010,Pipeline,0,0,0
01/07/2010,Exports,0,0,0
01/07/2010,LNG,0,0,0
01/07/2010,Pipeline,0,0,0
01/07/2010,Stock Change,0,0,0
01/07/2010,Gross Inland Deliveries (Calculated),0,0,0
01/07/2010,Statistical Difference (Calculated),0,0,0
01/07/2010,Gross Inland Deliveries (Observed),0,0,0
01/07/2010,of which: Electricity and Heat Generation,0,0,0
01/07/2010,Closing Stocks,0,0,0
01/08/2010,Production,0,0,0
01/08/2010,Receipts from Other Sources,0,0,0
01/08/2010,Imports,0,0,0
01/08/2010,LNG,0,0,0
01/08/2010,Pipeline,0,0,0
01/08/2010,Exports,0,0,0
01/08/2010,LNG,0,0,0
01/08/2010,Pipeline,0,0,0
01/08/2010,Stock Change,0,0,0
01/08/2010,Gross Inland Deliveries (Calculated),0,0,0
01/08/2010,Statistical Difference (Calculated),0,0,0
01/08/2010,Gross Inland Deliveries (Observed),0,0,0
01/08/2010,of which: Electricity and Heat Generation,0,0,0
01/08/2010,Closing Stocks,0,0,0
01/09/2010,Production,0,0,0
01/09/2010,Receipts from Other Sources,0,0,0
01/09/2010,Imports,0,0,0
01/09/2010,LNG,0,0,0
01/09/2010,Pipeline,0,0,0
01/09/2010,Exports,0,0,0
01/09/2010,LNG,0,0,0
01/09/2010,Pipeline,0,0,0
01/09/2010,Stock Change,0,0,0
01/09/2010,Gross Inland Deliveries (Calculated),0,0,0
01/09/2010,Statistical Difference (Calculated),0,0,0
01/09/2010,Gross Inland Deliveries (Observed),0,0,0
01/09/2010,of which: Electricity and Heat Generation,0,0,0
01/09/2010,Closing Stocks,0,0,0
01/10/2010,Production,0,0,0
01/10/2010,Receipts from Other Sources,0,0,0
01/10/2010,Imports,0,0,0
01/10/2010,LNG,0,0,0
01/10/2010,Pipeline,0,0,0
01/10/2010,Exports,0,0,0
01/10/2010,LNG,0,0,0
01/10/2010,Pipeline,0,0,0
01/10/2010,Stock Change,0,0,0
01/10/2010,Gross Inland Deliveries (Calculated),0,0,0
01/10/2010,Statistical Difference (Calculated),0,0,0
01/10/2010,Gross Inland Deliveries (Observed),0,0,0
01/10/2010,of which: Electricity and Heat Generation,0,0,0
01/10/2010,Closing Stocks,0,0,0
01/11/2010,Production,0,0,0
01/11/2010,Receipts from Other Sources,0,0,0
01/11/2010,Imports,0,0,0
01/11/2010,LNG,0,0,0
01/11/2010,Pipeline,0,0,0
01/11/2010,Exports,0,0,0
01/11/2010,LNG,0,0,0
01/11/2010,Pipeline,0,0,0
01/11/2010,Stock Change,0,0,0
01/11/2010,Gross Inland Deliveries (Calculated),0,0,0
01/11/2010,Statistical Difference (Calculated),0,0,0
01/11/2010,Gross Inland Deliveries (Observed),0,0,0
01/11/2010,of which: Electricity and Heat Generation,0,0,0
01/11/2010,Closing Stocks,0,0,0
01/12/2010,Production,0,0,0
01/12/2010,Receipts from Other Sources,0,0,0
01/12/2010,Imports,0,0,0
01/12/2010,LNG,0,0,0
01/12/2010,Pipeline,0,0,0
01/12/2010,Exports,0,0,0
01/12/2010,LNG,0,0,0
01/12/2010,Pipeline,0,0,0
01/12/2010,Stock Change,0,0,0
01/12/2010,Gross Inland Deliveries (Calculated),0,0,0
01/12/2010,Statistical Difference (Calculated),0,0,0
01/12/2010,Gross Inland Deliveries (Observed),0,0,0
01/12/2010,of which: Electricity and Heat Generation,0,0,0
01/12/2010,Closing Stocks,0,0,0
01/01/2011,Production,0,0,0
01/01/2011,Receipts from Other Sources,0,0,0
01/01/2011,Imports,0,0,0
01/01/2011,LNG,0,0,0
01/01/2011,Pipeline,0,0,0
01/01/2011,Exports,0,0,0
01/01/2011,LNG,0,0,0
01/01/2011,Pipeline,0,0,0
01/01/2011,Stock Change,0,0,0
01/01/2011,Gross Inland Deliveries (Calculated),0,0,0
01/01/2011,Statistical Difference (Calculated),0,0,0
01/01/2011,Gross Inland Deliveries (Observed),0,0,0
01/01/2011,of which: Electricity and Heat Generation,0,0,0
01/01/2011,Closing Stocks,0,0,0
01/02/2011,Production,0,0,0
01/02/2011,Receipts from Other Sources,0,0,0
01/02/2011,Imports,0,0,0
01/02/2011,LNG,0,0,0
01/02/2011,Pipeline,0,0,0
01/02/2011,Exports,0,0,0
01/02/2011,LNG,0,0,0
01/02/2011,Pipeline,0,0,0
01/02/2011,Stock Change,0,0,0
01/02/2011,Gross Inland Deliveries (Calculated),0,0,0
01/02/2011,Statistical Difference (Calculated),0,0,0
01/02/2011,Gross Inland Deliveries (Observed),0,0,0
01/02/2011,of which: Electricity and Heat Generation,0,0,0
01/02/2011,Closing Stocks,0,0,0
01/03/2011,Production,0,0,0
01/03/2011,Receipts from Other Sources,0,0,0
01/03/2011,Imports,0,0,0
01/03/2011,LNG,0,0,0
01/03/2011,Pipeline,0,0,0
01/03/2011,Exports,0,0,0
01/03/2011,LNG,0,0,0
01/03/2011,Pipeline,0,0,0
01/03/2011,Stock Change,0,0,0
01/03/2011,Gross Inland Deliveries (Calculated),0,0,0
01/03/2011,Statistical Difference (Calculated),0,0,0
01/03/2011,Gross Inland Deliveries (Observed),0,0,0
01/03/2011,of which: Electricity and Heat Generation,0,0,0
01/03/2011,Closing Stocks,0,0,0
01/04/2011,Production,0,0,0
01/04/2011,Receipts from Other Sources,0,0,0
01/04/2011,Imports,0,0,0
01/04/2011,LNG,0,0,0
01/04/2011,Pipeline,0,0,0
01/04/2011,Exports,0,0,0
01/04/2011,LNG,0,0,0
01/04/2011,Pipeline,0,0,0
01/04/2011,Stock Change,0,0,0
01/04/2011,Gross Inland Deliveries (Calculated),0,0,0
01/04/2011,Statistical Difference (Calculated),0,0,0
01/04/2011,Gross Inland Deliveries (Observed),0,0,0
01/04/2011,of which: Electricity and Heat Generation,0,0,0
01/04/2011,Closing Stocks,0,0,0
01/05/2011,Production,0,0,0
01/05/2011,Receipts from Other Sources,0,0,0
01/05/2011,Imports,0,0,0
01/05/2011,LNG,0,0,0
01/05/2011,Pipeline,0,0,0
01/05/2011,Exports,0,0,0
01/05/2011,LNG,0,0,0
01/05/2011,Pipeline,0,0,0
01/05/2011,Stock Change,0,0,0
01/05/2011,Gross Inland Deliveries (Calculated),0,0,0
01/05/2011,Statistical Difference (Calculated),0,0,0
01/05/2011,Gross Inland Deliveries (Observed),0,0,0
01/05/2011,of which: Electricity and Heat Generation,0,0,0
01/05/2011,Closing Stocks,0,0,0
01/06/2011,Production,0,0,0
01/06/2011,Receipts from Other Sources,0,0,0
01/06/2011,Imports,0,0,0
01/06/2011,LNG,0,0,0
01/06/2011,Pipeline,0,0,0
01/06/2011,Exports,0,0,0
01/06/2011,LNG,0,0,0
01/06/2011,Pipeline,0,0,0
01/06/2011,Stock Change,0,0,0
01/06/2011,Gross Inland Deliveries (Calculated),0,0,0
01/06/2011,Statistical Difference (Calculated),0,0,0
01/06/2011,Gross Inland Deliveries (Observed),0,0,0
01/06/2011,of which: Electricity and Heat Generation,0,0,0
01/06/2011,Closing Stocks,0,0,0
01/07/2011,Production,0,0,0
01/07/2011,Receipts from Other Sources,0,0,0
01/07/2011,Imports,0,0,0
01/07/2011,LNG,0,0,0
01/07/2011,Pipeline,0,0,0
01/07/2011,Exports,0,0,0
01/07/2011,LNG,0,0,0
01/07/2011,Pipeline,0,0,0
01/07/2011,Stock Change,0,0,0
01/07/2011,Gross Inland Deliveries (Calculated),0,0,0
01/07/2011,Statistical Difference (Calculated),0,0,0
01/07/2011,Gross Inland Deliveries (Observed),0,0,0
01/07/2011,of which: Electricity and Heat Generation,0,0,0
01/07/2011,Closing Stocks,0,0,0
01/08/2011,Production,0,0,0
01/08/2011,Receipts from Other Sources,0,0,0
01/08/2011,Imports,0,0,0
01/08/2011,LNG,0,0,0
01/08/2011,Pipeline,0,0,0
01/08/2011,Exports,0,0,0
01/08/2011,LNG,0,0,0
01/08/2011,Pipeline,0,0,0
01/08/2011,Stock Change,0,0,0
01/08/2011,Gross Inland Deliveries (Calculated),0,0,0
01/08/2011,Statistical Difference (Calculated),0,0,0
01/08/2011,Gross Inland Deliveries (Observed),0,0,0
01/08/2011,of which: Electricity and Heat Generation,0,0,0
01/08/2011,Closing Stocks,0,0,0
01/09/2011,Production,0,0,0
01/09/2011,Receipts from Other Sources,0,0,0
01/09/2011,Imports,0,0,0
01/09/2011,LNG,0,0,0
01/09/2011,Pipeline,0,0,0
01/09/2011,Exports,0,0,0
01/09/2011,LNG,0,0,0
01/09/2011,Pipeline,0,0,0
01/09/2011,Stock Change,0,0,0
01/09/2011,Gross Inland Deliveries (Calculated),0,0,0
01/09/2011,Statistical Difference (Calculated),0,0,0
01/09/2011,Gross Inland Deliveries (Observed),0,0,0
01/09/2011,of which: Electricity and Heat Generation,0,0,0
01/09/2011,Closing Stocks,0,0,0
01/10/2011,Production,0,0,0
01/10/2011,Receipts from Other Sources,0,0,0
01/10/2011,Imports,0,0,0
01/10/2011,LNG,0,0,0
01/10/2011,Pipeline,0,0,0
01/10/2011,Exports,0,0,0
01/10/2011,LNG,0,0,0
01/10/2011,Pipeline,0,0,0
01/10/2011,Stock Change,0,0,0
01/10/2011,Gross Inland Deliveries (Calculated),0,0,0
01/10/2011,Statistical Difference (Calculated),0,0,0
01/10/2011,Gross Inland Deliveries (Observed),0,0,0
01/10/2011,of which: Electricity and Heat Generation,0,0,0
01/10/2011,Closing Stocks,0,0,0
01/11/2011,Production,0,0,0
01/11/2011,Receipts from Other Sources,0,0,0
01/11/2011,Imports,0,0,0
01/11/2011,LNG,0,0,0
01/11/2011,Pipeline,0,0,0
01/11/2011,Exports,0,0,0
01/11/2011,LNG,0,0,0
01/11/2011,Pipeline,0,0,0
01/11/2011,Stock Change,0,0,0
01/11/2011,Gross Inland Deliveries (Calculated),0,0,0
01/11/2011,Statistical Difference (Calculated),0,0,0
01/11/2011,Gross Inland Deliveries (Observed),0,0,0
01/11/2011,of which: Electricity and Heat Generation,0,0,0
01/11/2011,Closing Stocks,0,0,0
01/12/2011,Production,0,0,0
01/12/2011,Receipts from Other Sources,0,0,0
01/12/2011,Imports,0,0,0
01/12/2011,LNG,0,0,0
01/12/2011,Pipeline,0,0,0
01/12/2011,Exports,0,0,0
01/12/2011,LNG,0,0,0
01/12/2011,Pipeline,0,0,0
01/12/2011,Stock Change,0,0,0
01/12/2011,Gross Inland Deliveries (Calculated),0,0,0
01/12/2011,Statistical Difference (Calculated),0,0,0
01/12/2011,Gross Inland Deliveries (Observed),0,0,0
01/12/2011,of which: Electricity and Heat Generation,0,0,0
01/12/2011,Closing Stocks,0,0,0
01/01/2012,Production,0,0,0
01/01/2012,Receipts from Other Sources,0,0,0
01/01/2012,Imports,0,0,0
01/01/2012,LNG,0,0,0
01/01/2012,Pipeline,0,0,0
01/01/2012,Exports,0,0,0
01/01/2012,LNG,0,0,0
01/01/2012,Pipeline,0,0,0
01/01/2012,Stock Change,0,0,0
01/01/2012,Gross Inland Deliveries (Calculated),0,0,0
01/01/2012,Statistical Difference (Calculated),0,0,0
01/01/2012,Gross Inland Deliveries (Observed),0,0,0
01/01/2012,of which: Electricity and Heat Generation,0,0,0
01/01/2012,Closing Stocks,0,0,0
01/02/2012,Production,0,0,0
01/02/2012,Receipts from Other Sources,0,0,0
01/02/2012,Imports,0,0,0
01/02/2012,LNG,0,0,0
01/02/2012,Pipeline,0,0,0
01/02/2012,Exports,0,0,0
01/02/2012,LNG,0,0,0
01/02/2012,Pipeline,0,0,0
01/02/2012,Stock Change,0,0,0
01/02/2012,Gross Inland Deliveries (Calculated),0,0,0
01/02/2012,Statistical Difference (Calculated),0,0,0
01/02/2012,Gross Inland Deliveries (Observed),0,0,0
01/02/2012,of which: Electricity and Heat Generation,0,0,0
01/02/2012,Closing Stocks,0,0,0
01/03/2012,Production,0,0,0
01/03/2012,Receipts from Other Sources,0,0,0
01/03/2012,Imports,0,0,0
01/03/2012,LNG,0,0,0
01/03/2012,Pipeline,0,0,0
01/03/2012,Exports,0,0,0
01/03/2012,LNG,0,0,0
01/03/2012,Pipeline,0,0,0
01/03/2012,Stock Change,0,0,0
01/03/2012,Gross Inland Deliveries (Calculated),0,0,0
01/03/2012,Statistical Difference (Calculated),0,0,0
01/03/2012,Gross Inland Deliveries (Observed),0,0,0
01/03/2012,of which: Electricity and Heat Generation,0,0,0
01/03/2012,Closing Stocks,0,0,0
01/04/2012,Production,0,0,0
01/04/2012,Receipts from Other Sources,0,0,0
01/04/2012,Imports,0,0,0
01/04/2012,LNG,0,0,0
01/04/2012,Pipeline,0,0,0
01/04/2012,Exports,0,0,0
01/04/2012,LNG,0,0,0
01/04/2012,Pipeline,0,0,0
01/04/2012,Stock Change,0,0,0
01/04/2012,Gross Inland Deliveries (Calculated),0,0,0
01/04/2012,Statistical Difference (Calculated),0,0,0
01/04/2012,Gross Inland Deliveries (Observed),0,0,0
01/04/2012,of which: Electricity and Heat Generation,0,0,0
01/04/2012,Closing Stocks,0,0,0
01/05/2012,Production,0,0,0
01/05/2012,Receipts from Other Sources,0,0,0
01/05/2012,Imports,0,0,0
01/05/2012,LNG,0,0,0
01/05/2012,Pipeline,0,0,0
01/05/2012,Exports,0,0,0
01/05/2012,LNG,0,0,0
01/05/2012,Pipeline,0,0,0
01/05/2012,Stock Change,0,0,0
01/05/2012,Gross Inland Deliveries (Calculated),0,0,0
01/05/2012,Statistical Difference (Calculated),0,0,0
01/05/2012,Gross Inland Deliveries (Observed),0,0,0
01/05/2012,of which: Electricity and Heat Generation,0,0,0
01/05/2012,Closing Stocks,0,0,0
01/06/2012,Production,0,0,0
01/06/2012,Receipts from Other Sources,0,0,0
01/06/2012,Imports,0,0,0
01/06/2012,LNG,0,0,0
01/06/2012,Pipeline,0,0,0
01/06/2012,Exports,0,0,0
01/06/2012,LNG,0,0,0
01/06/2012,Pipeline,0,0,0
01/06/2012,Stock Change,0,0,0
01/06/2012,Gross Inland Deliveries (Calculated),0,0,0
01/06/2012,Statistical Difference (Calculated),0,0,0
01/06/2012,Gross Inland Deliveries (Observed),0,0,0
01/06/2012,of which: Electricity and Heat Generation,0,0,0
01/06/2012,Closing Stocks,0,0,0
01/07/2012,Production,0,0,0
01/07/2012,Receipts from Other Sources,0,0,0
01/07/2012,Imports,0,0,0
01/07/2012,LNG,0,0,0
01/07/2012,Pipeline,0,0,0
01/07/2012,Exports,0,0,0
01/07/2012,LNG,0,0,0
01/07/2012,Pipeline,0,0,0
01/07/2012,Stock Change,0,0,0
01/07/2012,Gross Inland Deliveries (Calculated),0,0,0
01/07/2012,Statistical Difference (Calculated),0,0,0
01/07/2012,Gross Inland Deliveries (Observed),0,0,0
01/07/2012,of which: Electricity and Heat Generation,0,0,0
01/07/2012,Closing Stocks,0,0,0
01/08/2012,Production,0,0,0
01/08/2012,Receipts from Other Sources,0,0,0
01/08/2012,Imports,0,0,0
01/08/2012,LNG,0,0,0
01/08/2012,Pipeline,0,0,0
01/08/2012,Exports,0,0,0
01/08/2012,LNG,0,0,0
01/08/2012,Pipeline,0,0,0
01/08/2012,Stock Change,0,0,0
01/08/2012,Gross Inland Deliveries (Calculated),0,0,0
01/08/2012,Statistical Difference (Calculated),0,0,0
01/08/2012,Gross Inland Deliveries (Observed),0,0,0
01/08/2012,of which: Electricity and Heat Generation,0,0,0
01/08/2012,Closing Stocks,0,0,0
01/09/2012,Production,0,0,0
01/09/2012,Receipts from Other Sources,0,0,0
01/09/2012,Imports,0,0,0
01/09/2012,LNG,0,0,0
01/09/2012,Pipeline,0,0,0
01/09/2012,Exports,0,0,0
01/09/2012,LNG,0,0,0
01/09/2012,Pipeline,0,0,0
01/09/2012,Stock Change,0,0,0
01/09/2012,Gross Inland Deliveries (Calculated),0,0,0
01/09/2012,Statistical Difference (Calculated),0,0,0
01/09/2012,Gross Inland Deliveries (Observed),0,0,0
01/09/2012,of which: Electricity and Heat Generation,0,0,0
01/09/2012,Closing Stocks,0,0,0
01/10/2012,Production,0,0,0
01/10/2012,Receipts from Other Sources,0,0,0
01/10/2012,Imports,0,0,0
01/10/2012,LNG,0,0,0
01/10/2012,Pipeline,0,0,0
01/10/2012,Exports,0,0,0
01/10/2012,LNG,0,0,0
01/10/2012,Pipeline,0,0,0
01/10/2012,Stock Change,0,0,0
01/10/2012,Gross Inland Deliveries (Calculated),0,0,0
01/10/2012,Statistical Difference (Calculated),0,0,0
01/10/2012,Gross Inland Deliveries (Observed),0,0,0
01/10/2012,of which: Electricity and Heat Generation,0,0,0
01/10/2012,Closing Stocks,0,0,0
01/11/2012,Production,0,0,0
01/11/2012,Receipts from Other Sources,0,0,0
01/11/2012,Imports,0,0,0
01/11/2012,LNG,0,0,0
01/11/2012,Pipeline,0,0,0
01/11/2012,Exports,0,0,0
01/11/2012,LNG,0,0,0
01/11/2012,Pipeline,0,0,0
01/11/2012,Stock Change,0,0,0
01/11/2012,Gross Inland Deliveries (Calculated),0,0,0
01/11/2012,Statistical Difference (Calculated),0,0,0
01/11/2012,Gross Inland Deliveries (Observed),0,0,0
01/11/2012,of which: Electricity and Heat Generation,0,0,0
01/11/2012,Closing Stocks,0,0,0
01/12/2012,Production,0,0,0
01/12/2012,Receipts from Other Sources,0,0,0
01/12/2012,Imports,0,0,0
01/12/2012,LNG,0,0,0
01/12/2012,Pipeline,0,0,0
01/12/2012,Exports,0,0,0
01/12/2012,LNG,0,0,0
01/12/2012,Pipeline,0,0,0
01/12/2012,Stock Change,0,0,0
01/12/2012,Gross Inland Deliveries (Calculated),0,0,0
01/12/2012,Statistical Difference (Calculated),0,0,0
01/12/2012,Gross Inland Deliveries (Observed),0,0,0
01/12/2012,of which: Electricity and Heat Generation,0,0,0
01/12/2012,Closing Stocks,0,0,0
01/01/2013,Production,0,0,0
01/01/2013,Receipts from Other Sources,0,0,0
01/01/2013,Imports,0,0,0
01/01/2013,LNG,0,0,0
01/01/2013,Pipeline,0,0,0
01/01/2013,Exports,0,0,0
01/01/2013,LNG,0,0,0
01/01/2013,Pipeline,0,0,0
01/01/2013,Stock Change,0,0,0
01/01/2013,Gross Inland Deliveries (Calculated),0,0,0
01/01/2013,Statistical Difference (Calculated),0,0,0
01/01/2013,Gross Inland Deliveries (Observed),0,0,0
01/01/2013,of which: Electricity and Heat Generation,0,0,0
01/01/2013,Closing Stocks,0,0,0
01/02/2013,Production,15266.3784,0,0
01/02/2013,Receipts from Other Sources,0,0,0
01/02/2013,Imports,0,0,0
01/02/2013,LNG,0,0,0
01/02/2013,Pipeline,0,0,0
01/02/2013,Exports,0,0,0
01/02/2013,LNG,10926,0,0
01/02/2013,Pipeline,1259.1236,0,0
01/02/2013,Stock Change,0,0,0
01/02/2013,Gross Inland Deliveries (Calculated),3080.8512,0,0
01/02/2013,Statistical Difference (Calculated),260.6996,0,0
01/02/2013,Gross Inland Deliveries (Observed),2820.1516,0,0
01/02/2013,of which: Electricity and Heat Generation,0,0,0
01/02/2013,Closing Stocks,0,0,0
01/03/2013,Production,17526.6994,0,0
01/03/2013,Receipts from Other Sources,0,0,0
01/03/2013,Imports,0,0,0
01/03/2013,LNG,0,0,0
01/03/2013,Pipeline,0,0,0
01/03/2013,Exports,0,0,0
01/03/2013,LNG,12459,0,0
01/03/2013,Pipeline,1949.3606,0,0
01/03/2013,Stock Change,0,0,0
01/03/2013,Gross Inland Deliveries (Calculated),3117.9242,0,0
01/03/2013,Statistical Difference (Calculated),142.9999,0,0
01/03/2013,Gross Inland Deliveries (Observed),2974.9243,0,0
01/03/2013,of which: Electricity and Heat Generation,0,0,0
01/03/2013,Closing Stocks,0,0,0
01/04/2013,Production,17060.655,0,0
01/04/2013,Receipts from Other Sources,0,0,0
01/04/2013,Imports,0,0,0
01/04/2013,LNG,0,0,0
01/04/2013,Pipeline,0,0,0
01/04/2013,Exports,0,0,0
01/04/2013,LNG,11481,0,0
01/04/2013,Pipeline,1983.264,0,0
01/04/2013,Stock Change,0,0,0
01/04/2013,Gross Inland Deliveries (Calculated),3596.364,0,0
01/04/2013,Statistical Difference (Calculated),473.742,0,0
01/04/2013,Gross Inland Deliveries (Observed),3122.622,0,0
01/04/2013,of which: Electricity and Heat Generation,0,0,0
01/04/2013,Closing Stocks,0,0,0
01/05/2013,Production,17392.4725,0,0
01/05/2013,Receipts from Other Sources,0,0,0
01/05/2013,Imports,0,0,0
01/05/2013,LNG,0,0,0
01/05/2013,Pipeline,0,0,0
01/05/2013,Exports,0,0,0
01/05/2013,LNG,11501,0,0
01/05/2013,Pipeline,1980.9434,0,0
01/05/2013,Stock Change,0,0,0
01/05/2013,Gross Inland Deliveries (Calculated),3910.1261,0,0
01/05/2013,Statistical Difference (Calculated),566.7358,0,0
01/05/2013,Gross Inland Deliveries (Observed),3343.3903,0,0
01/05/2013,of which: Electricity and Heat Generation,0,0,0
01/05/2013,Closing Stocks,0,0,0
01/06/2013,Production,16415.415,0,0
01/06/2013,Receipts from Other Sources,0,0,0
01/06/2013,Imports,0,0,0
01/06/2013,LNG,0,0,0
01/06/2013,Pipeline,0,0,0
01/06/2013,Exports,0,0,0
01/06/2013,LNG,10728,0,0
01/06/2013,Pipeline,1898.364,0,0
01/06/2013,Stock Change,0,0,0
01/06/2013,Gross Inland Deliveries (Calculated),3787.389,0,0
01/06/2013,Statistical Difference (Calculated),414.312,0,0
01/06/2013,Gross Inland Deliveries (Observed),3373.077,0,0
01/06/2013,of which: Electricity and Heat Generation,0,0,0
01/06/2013,Closing Stocks,0,0,0
01/07/2013,Production,18105.7174,0,0
01/07/2013,Receipts from Other Sources,0,0,0
01/07/2013,Imports,0,0,0
01/07/2013,LNG,0,0,0
01/07/2013,Pipeline,0,0,0
01/07/2013,Exports,0,0,0
01/07/2013,LNG,11992,0,0
01/07/2013,Pipeline,2245.888,0,0
01/07/2013,Stock Change,0,0,0
01/07/2013,Gross Inland Deliveries (Calculated),3868.0157,0,0
01/07/2013,Statistical Difference (Calculated),272.8403,0,0
01/07/2013,Gross Inland Deliveries (Observed),3595.1754,0,0
01/07/2013,of which: Electricity and Heat Generation,0,0,0
01/07/2013,Closing Stocks,0,0,0
01/08/2013,Production,17704.7913,0,0
01/08/2013,Receipts from Other Sources,0,0,0
01/08/2013,Imports,0,0,0
01/08/2013,LNG,0,0,0
01/08/2013,Pipeline,0,0,0
01/08/2013,Exports,0,0,0
01/08/2013,LNG,11888,0,0
01/08/2013,Pipeline,2277.4708,0,0
01/08/2013,Stock Change,0,0,0
01/08/2013,Gross Inland Deliveries (Calculated),3539.0282,0,0
01/08/2013,Statistical Difference (Calculated),164.9324,0,0
01/08/2013,Gross Inland Deliveries (Observed),3374.0958,0,0
01/08/2013,of which: Electricity and Heat Generation,0,0,0
01/08/2013,Closing Stocks,0,0,0
01/09/2013,Production,16734.639,0,0
01/09/2013,Receipts from Other Sources,0,0,0
01/09/2013,Imports,0,0,0
01/09/2013,LNG,0,0,0
01/09/2013,Pipeline,0,0,0
01/09/2013,Exports,0,0,0
01/09/2013,LNG,11343,0,0
01/09/2013,Pipeline,2174.289,0,0
01/09/2013,Stock Change,0,0,0
01/09/2013,Gross Inland Deliveries (Calculated),3217.71,0,0
01/09/2013,Statistical Difference (Calculated),52.638,0,0
01/09/2013,Gross Inland Deliveries (Observed),3165.072,0,0
01/09/2013,of which: Electricity and Heat Generation,0,0,0
01/09/2013,Closing Stocks,0,0,0
01/10/2013,Production,16361.645,0,0
01/10/2013,Receipts from Other Sources,0,0,0
01/10/2013,Imports,0,0,0
01/10/2013,LNG,0,0,0
01/10/2013,Pipeline,0,0,0
01/10/2013,Exports,0,0,0
01/10/2013,LNG,10586,0,0
01/10/2013,Pipeline,2105.52,0,0
01/10/2013,Stock Change,0,0,0
01/10/2013,Gross Inland Deliveries (Calculated),3670.6232,0,0
01/10/2013,Statistical Difference (Calculated),333.374,0,0
01/10/2013,Gross Inland Deliveries (Observed),3337.2492,0,0
01/10/2013,of which: Electricity and Heat Generation,0,0,0
01/10/2013,Closing Stocks,0,0,0
01/11/2013,Production,14553.558,0,0
01/11/2013,Receipts from Other Sources,0,0,0
01/11/2013,Imports,0,0,0
01/11/2013,LNG,0,0,0
01/11/2013,Pipeline,0,0,0
01/11/2013,Exports,0,0,0
01/11/2013,LNG,9524,0,0
01/11/2013,Pipeline,1880.535,0,0
01/11/2013,Stock Change,0,0,0
01/11/2013,Gross Inland Deliveries (Calculated),3148.941,0,0
01/11/2013,Statistical Difference (Calculated),262.341,0,0
01/11/2013,Gross Inland Deliveries (Observed),2886.6,0,0
01/11/2013,of which: Electricity and Heat Generation,0,0,0
01/11/2013,Closing Stocks,0,0,0
01/12/2013,Production,16694.14,0,0
01/12/2013,Receipts from Other Sources,0,0,0
01/12/2013,Imports,0,0,0
01/12/2013,LNG,0,0,0
01/12/2013,Pipeline,0,0,0
01/12/2013,Exports,0,0,0
01/12/2013,LNG,11444,0,0
01/12/2013,Pipeline,1881.81,0,0
01/12/2013,Stock Change,0,0,0
01/12/2013,Gross Inland Deliveries (Calculated),3368.83,0,0
01/12/2013,Statistical Difference (Calculated),343.02,0,0
01/12/2013,Gross Inland Deliveries (Observed),3025.81,0,0
01/12/2013,of which: Electricity and Heat Generation,0,0,0
01/12/2013,Closing Stocks,0,0,0
01/01/2014,Production,18055.71,0,0
01/01/2014,Receipts from Other Sources,0,0,0
01/01/2014,Imports,0,0,0
01/01/2014,LNG,0,0,0
01/01/2014,Pipeline,0,0,0
01/01/2014,Exports,0,0,0
01/01/2014,LNG,12353,0,0
01/01/2014,Pipeline,1977.43,0,0
01/01/2014,Stock Change,0,0,0
01/01/2014,Gross Inland Deliveries (Calculated),3725.02,0,0
01/01/2014,Statistical Difference (Calculated),424.61,0,0
01/01/2014,Gross Inland Deliveries (Observed),3300.4,0,0
01/01/2014,of which: Electricity and Heat Generation,0,0,0
01/01/2014,Closing Stocks,0,0,0
01/02/2014,Production,15287.77,0,0
01/02/2014,Receipts from Other Sources,0,0,0
01/02/2014,Imports,0,0,0
01/02/2014,LNG,0,0,0
01/02/2014,Pipeline,0,0,0
01/02/2014,Exports,0,0,0
01/02/2014,LNG,11189,0,0
01/02/2014,Pipeline,1099.06,0,0
01/02/2014,Stock Change,0,0,0
01/02/2014,Gross Inland Deliveries (Calculated),2999.23,0,0
01/02/2014,Statistical Difference (Calculated),241.68,0,0
01/02/2014,Gross Inland Deliveries (Observed),2757.55,0,0
01/02/2014,of which: Electricity and Heat Generation,0,0,0
01/02/2014,Closing Stocks,0,0,0
01/03/2014,Production,16609.04,0,0
01/03/2014,Receipts from Other Sources,0,0,0
01/03/2014,Imports,0,0,0
01/03/2014,LNG,0,0,0
01/03/2014,Pipeline,0,0,0
01/03/2014,Exports,0,0,0
01/03/2014,LNG,11181,0,0
01/03/2014,Pipeline,2114.29,0,0
01/03/2014,Stock Change,0,0,0
01/03/2014,Gross Inland Deliveries (Calculated),3313.56,0,0
01/03/2014,Statistical Difference (Calculated),68.43,0,0
01/03/2014,Gross Inland Deliveries (Observed),3245.13,0,0
01/03/2014,of which: Electricity and Heat Generation,0,0,0
01/03/2014,Closing Stocks,0,0,0
01/04/2014,Production,16148.83,0,0
01/04/2014,Receipts from Other Sources,0,0,0
01/04/2014,Imports,0,0,0
01/04/2014,LNG,0,0,0
01/04/2014,Pipeline,0,0,0
01/04/2014,Exports,0,0,0
01/04/2014,LNG,10518,0,0
01/04/2014,Pipeline,2041,0,0
01/04/2014,Stock Change,0,0,0
01/04/2014,Gross Inland Deliveries (Calculated),3589.57,0,0
01/04/2014,Statistical Difference (Calculated),259.79,0,0
01/04/2014,Gross Inland Deliveries (Observed),3329.78,0,0
01/04/2014,of which: Electricity and Heat Generation,0,0,0
01/04/2014,Closing Stocks,0,0,0
01/05/2014,Production,17072.26,0,0
01/05/2014,Receipts from Other Sources,0,0,0
01/05/2014,Imports,0,0,0
01/05/2014,LNG,0,0,0
01/05/2014,Pipeline,0,0,0
01/05/2014,Exports,0,0,0
01/05/2014,LNG,11046,0,0
01/05/2014,Pipeline,1958.13,0,0
01/05/2014,Stock Change,0,0,0
01/05/2014,Gross Inland Deliveries (Calculated),4068.04,0,0
01/05/2014,Statistical Difference (Calculated),413.21,0,0
01/05/2014,Gross Inland Deliveries (Observed),3654.83,0,0
01/05/2014,of which: Electricity and Heat Generation,0,0,0
01/05/2014,Closing Stocks,0,0,0
01/06/2014,Production,17354.41,0,0
01/06/2014,Receipts from Other Sources,0,0,0
01/06/2014,Imports,0,0,0
01/06/2014,LNG,0,0,0
01/06/2014,Pipeline,0,0,0
01/06/2014,Exports,0,0,0
01/06/2014,LNG,11373,0,0
01/06/2014,Pipeline,2116.56,0,0
01/06/2014,Stock Change,0,0,0
01/06/2014,Gross Inland Deliveries (Calculated),3864.65,0,0
01/06/2014,Statistical Difference (Calculated),195.27,0,0
01/06/2014,Gross Inland Deliveries (Observed),3669.38,0,0
01/06/2014,of which: Electricity and Heat Generation,0,0,0
01/06/2014,Closing Stocks,0,0,0
01/07/2014,Production,17846.04,0,0
01/07/2014,Receipts from Other Sources,0,0,0
01/07/2014,Imports,0,0,0
01/07/2014,LNG,0,0,0
01/07/2014,Pipeline,0,0,0
01/07/2014,Exports,0,0,0
01/07/2014,LNG,11743,0,0
01/07/2014,Pipeline,2210.8,0,0
01/07/2014,Stock Change,0,0,0
01/07/2014,Gross Inland Deliveries (Calculated),3892.58,0,0
01/07/2014,Statistical Difference (Calculated),127.21,0,0
01/07/2014,Gross Inland Deliveries (Observed),3765.37,0,0
01/07/2014,of which: Electricity and Heat Generation,0,0,0
01/07/2014,Closing Stocks,0,0,0
01/08/2014,Production,17018.74,0,0
01/08/2014,Receipts from Other Sources,0,0,0
01/08/2014,Imports,0,0,0
01/08/2014,LNG,0,0,0
01/08/2014,Pipeline,0,0,0
01/08/2014,Exports,0,0,0
01/08/2014,LNG,11018,0,0
01/08/2014,Pipeline,2151.14,0,0
01/08/2014,Stock Change,0,0,0
01/08/2014,Gross Inland Deliveries (Calculated),3849.59,0,0
01/08/2014,Statistical Difference (Calculated),399.17,0,0
01/08/2014,Gross Inland Deliveries (Observed),3450.42,0,0
01/08/2014,of which: Electricity and Heat Generation,0,0,0
01/08/2014,Closing Stocks,0,0,0
01/09/2014,Production,16183.64,0,0
01/09/2014,Receipts from Other Sources,0,0,0
01/09/2014,Imports,0,0,0
01/09/2014,LNG,0,0,0
01/09/2014,Pipeline,0,0,0
01/09/2014,Exports,0,0,0
01/09/2014,LNG,10716,0,0
01/09/2014,Pipeline,2116.56,0,0
01/09/2014,Stock Change,0,0,0
01/09/2014,Gross Inland Deliveries (Calculated),3351,0,0
01/09/2014,Statistical Difference (Calculated),112.92,0,0
01/09/2014,Gross Inland Deliveries (Observed),3238.09,0,0
01/09/2014,of which: Electricity and Heat Generation,0,0,0
01/09/2014,Closing Stocks,0,0,0
01/10/2014,Production,16533.6,0,0
01/10/2014,Receipts from Other Sources,0,0,0
01/10/2014,Imports,0,0,0
01/10/2014,LNG,0,0,0
01/10/2014,Pipeline,0,0,0
01/10/2014,Exports,0,0,0
01/10/2014,LNG,10481,0,0
01/10/2014,Pipeline,1919.53,0,0
01/10/2014,Stock Change,0,0,0
01/10/2014,Gross Inland Deliveries (Calculated),4132.96,0,0
01/10/2014,Statistical Difference (Calculated),622.01,0,0
01/10/2014,Gross Inland Deliveries (Observed),3510.95,0,0
01/10/2014,of which: Electricity and Heat Generation,0,0,0
01/10/2014,Closing Stocks,0,0,0
01/11/2014,Production,16661.63,0,0
01/11/2014,Receipts from Other Sources,0,0,0
01/11/2014,Imports,0,0,0
01/11/2014,LNG,0,0,0
01/11/2014,Pipeline,0,0,0
01/11/2014,Exports,0,0,0
01/11/2014,LNG,11297,0,0
01/11/2014,Pipeline,1719.23,0,0
01/11/2014,Stock Change,0,0,0
01/11/2014,Gross Inland Deliveries (Calculated),3645.61,0,0
01/11/2014,Statistical Difference (Calculated),375.26,0,0
01/11/2014,Gross Inland Deliveries (Observed),3270.35,0,0
01/11/2014,of which: Electricity and Heat Generation,0,0,0
01/11/2014,Closing Stocks,0,0,0
01/12/2014,Production,16356.38,0,0
01/12/2014,Receipts from Other Sources,0,0,0
01/12/2014,Imports,0,0,0
01/12/2014,LNG,0,0,0
01/12/2014,Pipeline,0,0,0
01/12/2014,Exports,0,0,0
01/12/2014,LNG,10911,0,0
01/12/2014,Pipeline,1713.37,0,0
01/12/2014,Stock Change,0,0,0
01/12/2014,Gross Inland Deliveries (Calculated),3732.03,0,0
01/12/2014,Statistical Difference (Calculated),404.44,0,0
01/12/2014,Gross Inland Deliveries (Observed),3327.6,0,0
01/12/2014,of which: Electricity and Heat Generation,0,0,0
01/12/2014,Closing Stocks,0,0,0
01/01/2015,Production,17531.09,0,0
01/01/2015,Receipts from Other Sources,0,0,0
01/01/2015,Imports,0,0,0
01/01/2015,LNG,0,0,0
01/01/2015,Pipeline,0,0,0
01/01/2015,Exports,0,0,0
01/01/2015,LNG,12290,0,0
01/01/2015,Pipeline,1552.82,0,0
01/01/2015,Stock Change,0,0,0
01/01/2015,Gross Inland Deliveries (Calculated),3688.17,0,0
01/01/2015,Statistical Difference (Calculated),498.31,0,0
01/01/2015,Gross Inland Deliveries (Observed),3189.86,0,0
01/01/2015,of which: Electricity and Heat Generation,0,0,0
01/01/2015,Closing Stocks,0,0,0
01/02/2015,Production,14951,0,0
01/02/2015,Receipts from Other Sources,0,0,0
01/02/2015,Imports,0,0,0
01/02/2015,LNG,0,0,0
01/02/2015,Pipeline,0,0,0
01/02/2015,Exports,0,0,0
01/02/2015,LNG,11120,0,0
01/02/2015,Pipeline,1088.76,0,0
01/02/2015,Stock Change,0,0,0
01/02/2015,Gross Inland Deliveries (Calculated),2742.5,0,0
01/02/2015,Statistical Difference (Calculated),16.64,0,0
01/02/2015,Gross Inland Deliveries (Observed),2725.86,0,0
01/02/2015,of which: Electricity and Heat Generation,0,0,0
01/02/2015,Closing Stocks,0,0,0
01/03/2015,Production,15739.63,0,0
01/03/2015,Receipts from Other Sources,0,0,0
01/03/2015,Imports,0,0,0
01/03/2015,LNG,0,0,0
01/03/2015,Pipeline,0,0,0
01/03/2015,Exports,0,0,0
01/03/2015,LNG,10798,0,0
01/03/2015,Pipeline,1853.734,0,0
01/03/2015,Stock Change,0,0,0
01/03/2015,Gross Inland Deliveries (Calculated),3088.096,0,0
01/03/2015,Statistical Difference (Calculated),374.6,0,0
01/03/2015,Gross Inland Deliveries (Observed),2713.48,0,0
01/03/2015,of which: Electricity and Heat Generation,0,0,0
01/03/2015,Closing Stocks,0,0,0
01/04/2015,Production,16717.659,0,0
01/04/2015,Receipts from Other Sources,0,0,0
01/04/2015,Imports,0,0,0
01/04/2015,LNG,0,0,0
01/04/2015,Pipeline,0,0,0
01/04/2015,Exports,0,0,0
01/04/2015,LNG,11821,0,0
01/04/2015,Pipeline,1838.934,0,0
01/04/2015,Stock Change,0,0,0
01/04/2015,Gross Inland Deliveries (Calculated),3058.098,0,0
01/04/2015,Statistical Difference (Calculated),196.119,0,0
01/04/2015,Gross Inland Deliveries (Observed),2861.979,0,0
01/04/2015,of which: Electricity and Heat Generation,0,0,0
01/04/2015,Closing Stocks,0,0,0
01/05/2015,Production,0,0,0
01/05/2015,Receipts from Other Sources,0,0,0
01/05/2015,Imports,0,0,0
01/05/2015,LNG,0,0,0
01/05/2015,Pipeline,0,0,0
01/05/2015,Exports,0,0,0
01/05/2015,LNG,0,0,0
01/05/2015,Pipeline,0,0,0
01/05/2015,Stock Change,0,0,0
01/05/2015,Gross Inland Deliveries (Calculated),0,0,0
01/05/2015,Statistical Difference (Calculated),0,0,0
01/05/2015,Gross Inland Deliveries (Observed),0,0,0
01/05/2015,of which: Electricity and Heat Generation,0,0,0
01/05/2015,Closing Stocks,0,0,0
01/06/2015,Production,0,0,0
01/06/2015,Receipts from Other Sources,0,0,0
01/06/2015,Imports,0,0,0
01/06/2015,LNG,0,0,0
01/06/2015,Pipeline,0,0,0
01/06/2015,Exports,0,0,0
01/06/2015,LNG,0,0,0
01/06/2015,Pipeline,0,0,0
01/06/2015,Stock Change,0,0,0
01/06/2015,Gross Inland Deliveries (Calculated),0,0,0
01/06/2015,Statistical Difference (Calculated),0,0,0
01/06/2015,Gross Inland Deliveries (Observed),0,0,0
01/06/2015,of which: Electricity and Heat Generation,0,0,0
01/06/2015,Closing Stocks,0,0,0
01/07/2015,Production,0,0,0
01/07/2015,Receipts from Other Sources,0,0,0
01/07/2015,Imports,0,0,0
01/07/2015,LNG,0,0,0
01/07/2015,Pipeline,0,0,0
01/07/2015,Exports,0,0,0
01/07/2015,LNG,0,0,0
01/07/2015,Pipeline,0,0,0
01/07/2015,Stock Change,0,0,0
01/07/2015,Gross Inland Deliveries (Calculated),0,0,0
01/07/2015,Statistical Difference (Calculated),0,0,0
01/07/2015,Gross Inland Deliveries (Observed),0,0,0
01/07/2015,of which: Electricity and Heat Generation,0,0,0
01/07/2015,Closing Stocks,0,0,0
01/08/2015,Production,0,0,0
01/08/2015,Receipts from Other Sources,0,0,0
01/08/2015,Imports,0,0,0
01/08/2015,LNG,0,0,0
01/08/2015,Pipeline,0,0,0
01/08/2015,Exports,0,0,0
01/08/2015,LNG,0,0,0
01/08/2015,Pipeline,0,0,0
01/08/2015,Stock Change,0,0,0
01/08/2015,Gross Inland Deliveries (Calculated),0,0,0
01/08/2015,Statistical Difference (Calculated),0,0,0
01/08/2015,Gross Inland Deliveries (Observed),0,0,0
01/08/2015,of which: Electricity and Heat Generation,0,0,0
01/08/2015,Closing Stocks,0,0,0
01/09/2015,Production,0,0,0
01/09/2015,Receipts from Other Sources,0,0,0
01/09/2015,Imports,0,0,0
01/09/2015,LNG,0,0,0
01/09/2015,Pipeline,0,0,0
01/09/2015,Exports,0,0,0
01/09/2015,LNG,0,0,0
01/09/2015,Pipeline,0,0,0
01/09/2015,Stock Change,0,0,0
01/09/2015,Gross Inland Deliveries (Calculated),0,0,0
01/09/2015,Statistical Difference (Calculated),0,0,0
01/09/2015,Gross Inland Deliveries (Observed),0,0,0
01/09/2015,of which: Electricity and Heat Generation,0,0,0
01/09/2015,Closing Stocks,0,0,0
01/10/2015,Production,0,0,0
01/10/2015,Receipts from Other Sources,0,0,0
01/10/2015,Imports,0,0,0
01/10/2015,LNG,0,0,0
01/10/2015,Pipeline,0,0,0
01/10/2015,Exports,0,0,0
01/10/2015,LNG,0,0,0
01/10/2015,Pipeline,0,0,0
01/10/2015,Stock Change,0,0,0
01/10/2015,Gross Inland Deliveries (Calculated),0,0,0
01/10/2015,Statistical Difference (Calculated),0,0,0
01/10/2015,Gross Inland Deliveries (Observed),0,0,0
01/10/2015,of which: Electricity and Heat Generation,0,0,0
01/10/2015,Closing Stocks,0,0,0
01/11/2015,Production,0,0,0
01/11/2015,Receipts from Other Sources,0,0,0
01/11/2015,Imports,0,0,0
01/11/2015,LNG,0,0,0
01/11/2015,Pipeline,0,0,0
01/11/2015,Exports,0,0,0
01/11/2015,LNG,0,0,0
01/11/2015,Pipeline,0,0,0
01/11/2015,Stock Change,0,0,0
01/11/2015,Gross Inland Deliveries (Calculated),0,0,0
01/11/2015,Statistical Difference (Calculated),0,0,0
01/11/2015,Gross Inland Deliveries (Observed),0,0,0
01/11/2015,of which: Electricity and Heat Generation,0,0,0
01/11/2015,Closing Stocks,0,0,0
01/12/2015,Production,0,0,0
01/12/2015,Receipts from Other Sources,0,0,0
01/12/2015,Imports,0,0,0
01/12/2015,LNG,0,0,0
01/12/2015,Pipeline,0,0,0
01/12/2015,Exports,0,0,0
01/12/2015,LNG,0,0,0
01/12/2015,Pipeline,0,0,0
01/12/2015,Stock Change,0,0,0
01/12/2015,Gross Inland Deliveries (Calculated),0,0,0
01/12/2015,Statistical Difference (Calculated),0,0,0
01/12/2015,Gross Inland Deliveries (Observed),0,0,0
01/12/2015,of which: Electricity and Heat Generation,0,0,0
01/12/2015,Closing Stocks,0,0,0
01/01/2016,Production,0,0,0
01/01/2016,Receipts from Other Sources,0,0,0
01/01/2016,Imports,0,0,0
01/01/2016,LNG,0,0,0
01/01/2016,Pipeline,0,0,0
01/01/2016,Exports,0,0,0
01/01/2016,LNG,0,0,0
01/01/2016,Pipeline,0,0,0
01/01/2016,Stock Change,0,0,0
01/01/2016,Gross Inland Deliveries (Calculated),0,0,0
01/01/2016,Statistical Difference (Calculated),0,0,0
01/01/2016,Gross Inland Deliveries (Observed),0,0,0
01/01/2016,of which: Electricity and Heat Generation,0,0,0
01/01/2016,Closing Stocks,0,0,0
01/02/2016,Production,0,0,0
01/02/2016,Receipts from Other Sources,0,0,0
01/02/2016,Imports,0,0,0
01/02/2016,LNG,0,0,0
01/02/2016,Pipeline,0,0,0
01/02/2016,Exports,0,0,0
01/02/2016,LNG,0,0,0
01/02/2016,Pipeline,0,0,0
01/02/2016,Stock Change,0,0,0
01/02/2016,Gross Inland Deliveries (Calculated),0,0,0
01/02/2016,Statistical Difference (Calculated),0,0,0
01/02/2016,Gross Inland Deliveries (Observed),0,0,0
01/02/2016,of which: Electricity and Heat Generation,0,0,0
01/02/2016,Closing Stocks,0,0,0
01/03/2016,Production,0,0,0
01/03/2016,Receipts from Other Sources,0,0,0
01/03/2016,Imports,0,0,0
01/03/2016,LNG,0,0,0
01/03/2016,Pipeline,0,0,0
01/03/2016,Exports,0,0,0
01/03/2016,LNG,0,0,0
01/03/2016,Pipeline,0,0,0
01/03/2016,Stock Change,0,0,0
01/03/2016,Gross Inland Deliveries (Calculated),0,0,0
01/03/2016,Statistical Difference (Calculated),0,0,0
01/03/2016,Gross Inland Deliveries (Observed),0,0,0
01/03/2016,of which: Electricity and Heat Generation,0,0,0
01/03/2016,Closing Stocks,0,0,0
01/04/2016,Production,0,0,0
01/04/2016,Receipts from Other Sources,0,0,0
01/04/2016,Imports,0,0,0
01/04/2016,LNG,0,0,0
01/04/2016,Pipeline,0,0,0
01/04/2016,Exports,0,0,0
01/04/2016,LNG,0,0,0
01/04/2016,Pipeline,0,0,0
01/04/2016,Stock Change,0,0,0
01/04/2016,Gross Inland Deliveries (Calculated),0,0,0
01/04/2016,Statistical Difference (Calculated),0,0,0
01/04/2016,Gross Inland Deliveries (Observed),0,0,0
01/04/2016,of which: Electricity and Heat Generation,0,0,0
01/04/2016,Closing Stocks,0,0,0
01/05/2016,Production,0,0,0
01/05/2016,Receipts from Other Sources,0,0,0
01/05/2016,Imports,0,0,0
01/05/2016,LNG,0,0,0
01/05/2016,Pipeline,0,0,0
01/05/2016,Exports,0,0,0
01/05/2016,LNG,0,0,0
01/05/2016,Pipeline,0,0,0
01/05/2016,Stock Change,0,0,0
01/05/2016,Gross Inland Deliveries (Calculated),0,0,0
01/05/2016,Statistical Difference (Calculated),0,0,0
01/05/2016,Gross Inland Deliveries (Observed),0,0,0
01/05/2016,of which: Electricity and Heat Generation,0,0,0
01/05/2016,Closing Stocks,0,0,0
01/06/2016,Production,0,0,0
01/06/2016,Receipts from Other Sources,0,0,0
01/06/2016,Imports,0,0,0
01/06/2016,LNG,0,0,0
01/06/2016,Pipeline,0,0,0
01/06/2016,Exports,0,0,0
01/06/2016,LNG,0,0,0
01/06/2016,Pipeline,0,0,0
01/06/2016,Stock Change,0,0,0
01/06/2016,Gross Inland Deliveries (Calculated),0,0,0
01/06/2016,Statistical Difference (Calculated),0,0,0
01/06/2016,Gross Inland Deliveries (Observed),0,0,0
01/06/2016,of which: Electricity and Heat Generation,0,0,0
01/06/2016,Closing Stocks,0,0,0
01/07/2016,Production,20852,0,0
01/07/2016,Receipts from Other Sources,0,0,0
01/07/2016,Imports,0,0,0
01/07/2016,LNG,0,0,0
01/07/2016,Pipeline,0,0,0
01/07/2016,Exports,0,0,0
01/07/2016,LNG,13619,0,0
01/07/2016,Pipeline,2197,0,0
01/07/2016,Stock Change,0,0,0
01/07/2016,Gross Inland Deliveries (Calculated),0,0,0
01/07/2016,Statistical Difference (Calculated),0,0,0
01/07/2016,Gross Inland Deliveries (Observed),4378,0,0
01/07/2016,of which: Electricity and Heat Generation,0,0,0
01/07/2016,Closing Stocks,0,0,0
01/08/2016,Production,0,0,0
01/08/2016,Receipts from Other Sources,0,0,0
01/08/2016,Imports,0,0,0
01/08/2016,LNG,0,0,0
01/08/2016,Pipeline,0,0,0
01/08/2016,Exports,0,0,0
01/08/2016,LNG,0,0,0
01/08/2016,Pipeline,0,0,0
01/08/2016,Stock Change,0,0,0
01/08/2016,Gross Inland Deliveries (Calculated),0,0,0
01/08/2016,Statistical Difference (Calculated),0,0,0
01/08/2016,Gross Inland Deliveries (Observed),0,0,0
01/08/2016,of which: Electricity and Heat Generation,0,0,0
01/08/2016,Closing Stocks,0,0,0
01/09/2016,Production,0,0,0
01/09/2016,Receipts from Other Sources,0,0,0
01/09/2016,Imports,0,0,0
01/09/2016,LNG,0,0,0
01/09/2016,Pipeline,0,0,0
01/09/2016,Exports,0,0,0
01/09/2016,LNG,13836,0,0
01/09/2016,Pipeline,2181,0,0
01/09/2016,Stock Change,0,0,0
01/09/2016,Gross Inland Deliveries (Calculated),0,0,0
01/09/2016,Statistical Difference (Calculated),0,0,0
01/09/2016,Gross Inland Deliveries (Observed),4362,0,0
01/09/2016,of which: Electricity and Heat Generation,0,0,0
01/09/2016,Closing Stocks,0,0,0
01/10/2016,Production,0,0,0
01/10/2016,Receipts from Other Sources,0,0,0
01/10/2016,Imports,0,0,0
01/10/2016,LNG,0,0,0
01/10/2016,Pipeline,0,0,0
01/10/2016,Exports,0,0,0
01/10/2016,LNG,13207,0,0
01/10/2016,Pipeline,2302,0,0
01/10/2016,Stock Change,0,0,0
01/10/2016,Gross Inland Deliveries (Calculated),0,0,0
01/10/2016,Statistical Difference (Calculated),0,0,0
01/10/2016,Gross Inland Deliveries (Observed),4280,0,0
01/10/2016,of which: Electricity and Heat Generation,0,0,0
01/10/2016,Closing Stocks,0,0,0
01/11/2016,Production,0,0,0
01/11/2016,Receipts from Other Sources,0,0,0
01/11/2016,Imports,0,0,0
01/11/2016,LNG,0,0,0
01/11/2016,Pipeline,0,0,0
01/11/2016,Exports,0,0,0
01/11/2016,LNG,11848,0,0
01/11/2016,Pipeline,2029,0,0
01/11/2016,Stock Change,0,0,0
01/11/2016,Gross Inland Deliveries (Calculated),0,0,0
01/11/2016,Statistical Difference (Calculated),0,0,0
01/11/2016,Gross Inland Deliveries (Observed),4044,0,0
01/11/2016,of which: Electricity and Heat Generation,0,0,0
01/11/2016,Closing Stocks,0,0,0
01/12/2016,Production,0,0,0
01/12/2016,Receipts from Other Sources,0,0,0
01/12/2016,Imports,0,0,0
01/12/2016,LNG,0,0,0
01/12/2016,Pipeline,0,0,0
01/12/2016,Exports,0,0,0
01/12/2016,LNG,12795,0,0
01/12/2016,Pipeline,1877,0,0
01/12/2016,Stock Change,0,0,0
01/12/2016,Gross Inland Deliveries (Calculated),0,0,0
01/12/2016,Statistical Difference (Calculated),0,0,0
01/12/2016,Gross Inland Deliveries (Observed),3468,0,0
01/12/2016,of which: Electricity and Heat Generation,0,0,0
01/12/2016,Closing Stocks,0,0,0
01/01/2017,Production,0,0,0
01/01/2017,Receipts from Other Sources,0,0,0
01/01/2017,Imports,0,0,0
01/01/2017,LNG,0,0,0
01/01/2017,Pipeline,0,0,0
01/01/2017,Exports,0,0,0
01/01/2017,LNG,11600,0,0
01/01/2017,Pipeline,1553.746,0,0
01/01/2017,Stock Change,0,0,0
01/01/2017,Gross Inland Deliveries (Calculated),0,0,0
01/01/2017,Statistical Difference (Calculated),0,0,0
01/01/2017,Gross Inland Deliveries (Observed),2647.512,0,0
01/01/2017,of which: Electricity and Heat Generation,0,0,0
01/01/2017,Closing Stocks,0,0,0
01/02/2017,Production,0,0,0
01/02/2017,Receipts from Other Sources,0,0,0
01/02/2017,Imports,0,0,0
01/02/2017,LNG,0,0,0
01/02/2017,Pipeline,0,0,0
01/02/2017,Exports,0,0,0
01/02/2017,LNG,11175,0,0
01/02/2017,Pipeline,1089.406,0,0
01/02/2017,Stock Change,0,0,0
01/02/2017,Gross Inland Deliveries (Calculated),0,0,0
01/02/2017,Statistical Difference (Calculated),0,0,0
01/02/2017,Gross Inland Deliveries (Observed),2206.562,0,0
01/02/2017,of which: Electricity and Heat Generation,0,0,0
01/02/2017,Closing Stocks,0,0,0
01/03/2017,Production,0,0,0
01/03/2017,Receipts from Other Sources,0,0,0
01/03/2017,Imports,0,0,0
01/03/2017,LNG,0,0,0
01/03/2017,Pipeline,0,0,0
01/03/2017,Exports,0,0,0
01/03/2017,LNG,11408,0,0
01/03/2017,Pipeline,1854.839,0,0
01/03/2017,Stock Change,0,0,0
01/03/2017,Gross Inland Deliveries (Calculated),0,0,0
01/03/2017,Statistical Difference (Calculated),0,0,0
01/03/2017,Gross Inland Deliveries (Observed),2498.282,0,0
01/03/2017,of which: Electricity and Heat Generation,0,0,0
01/03/2017,Closing Stocks,0,0,0
01/04/2017,Production,0,0,0
01/04/2017,Receipts from Other Sources,0,0,0
01/04/2017,Imports,0,0,0
01/04/2017,LNG,0,0,0
01/04/2017,Pipeline,0,0,0
01/04/2017,Exports,0,0,0
01/04/2017,LNG,11394,0,0
01/04/2017,Pipeline,1840.029,0,0
01/04/2017,Stock Change,0,0,0
01/04/2017,Gross Inland Deliveries (Calculated),0,0,0
01/04/2017,Statistical Difference (Calculated),0,0,0
01/04/2017,Gross Inland Deliveries (Observed),2699.728,0,0
01/04/2017,of which: Electricity and Heat Generation,0,0,0
01/04/2017,Closing Stocks,0,0,0
01/05/2017,Production,0,0,0
01/05/2017,Receipts from Other Sources,0,0,0
01/05/2017,Imports,0,0,0
01/05/2017,LNG,0,0,0
01/05/2017,Pipeline,0,0,0
01/05/2017,Exports,0,0,0
01/05/2017,LNG,11773,0,0
01/05/2017,Pipeline,2129.597,0,0
01/05/2017,Stock Change,0,0,0
01/05/2017,Gross Inland Deliveries (Calculated),0,0,0
01/05/2017,Statistical Difference (Calculated),0,0,0
01/05/2017,Gross Inland Deliveries (Observed),3061.844,0,0
01/05/2017,of which: Electricity and Heat Generation,0,0,0
01/05/2017,Closing Stocks,0,0,0
01/06/2017,Production,0,0,0
01/06/2017,Receipts from Other Sources,0,0,0
01/06/2017,Imports,0,0,0
01/06/2017,LNG,0,0,0
01/06/2017,Pipeline,0,0,0
01/06/2017,Exports,0,0,0
01/06/2017,LNG,11489,0,0
01/06/2017,Pipeline,2329.344,0,0
01/06/2017,Stock Change,0,0,0
01/06/2017,Gross Inland Deliveries (Calculated),0,0,0
01/06/2017,Statistical Difference (Calculated),0,0,0
01/06/2017,Gross Inland Deliveries (Observed),3407.367,0,0
01/06/2017,of which: Electricity and Heat Generation,0,0,0
01/06/2017,Closing Stocks,0,0,0
01/07/2017,Production,0,0,0
01/07/2017,Receipts from Other Sources,0,0,0
01/07/2017,Imports,0,0,0
01/07/2017,LNG,0,0,0
01/07/2017,Pipeline,0,0,0
01/07/2017,Exports,0,0,0
01/07/2017,LNG,12027,0,0
01/07/2017,Pipeline,1929.454,0,0
01/07/2017,Stock Change,0,0,0
01/07/2017,Gross Inland Deliveries (Calculated),0,0,0
01/07/2017,Statistical Difference (Calculated),0,0,0
01/07/2017,Gross Inland Deliveries (Observed),3814.138,0,0
01/07/2017,of which: Electricity and Heat Generation,0,0,0
01/07/2017,Closing Stocks,0,0,0
01/08/2017,Production,0,0,0
01/08/2017,Receipts from Other Sources,0,0,0
01/08/2017,Imports,0,0,0
01/08/2017,LNG,0,0,0
01/08/2017,Pipeline,0,0,0
01/08/2017,Exports,0,0,0
01/08/2017,LNG,11670,0,0
01/08/2017,Pipeline,1868.884,0,0
01/08/2017,Stock Change,0,0,0
01/08/2017,Gross Inland Deliveries (Calculated),0,0,0
01/08/2017,Statistical Difference (Calculated),0,0,0
01/08/2017,Gross Inland Deliveries (Observed),3836.084,0,0
01/08/2017,of which: Electricity and Heat Generation,0,0,0
01/08/2017,Closing Stocks,0,0,0
01/09/2017,Production,0,0,0
01/09/2017,Receipts from Other Sources,0,0,0
01/09/2017,Imports,0,0,0
01/09/2017,LNG,0,0,0
01/09/2017,Pipeline,0,0,0
01/09/2017,Exports,0,0,0
01/09/2017,LNG,11294,0,0
01/09/2017,Pipeline,1852.771,0,0
01/09/2017,Stock Change,0,0,0
01/09/2017,Gross Inland Deliveries (Calculated),0,0,0
01/09/2017,Statistical Difference (Calculated),0,0,0
01/09/2017,Gross Inland Deliveries (Observed),3595.957,0,0
01/09/2017,of which: Electricity and Heat Generation,0,0,0
01/09/2017,Closing Stocks,0,0,0
01/10/2017,Production,0,0,0
01/10/2017,Receipts from Other Sources,0,0,0
01/10/2017,Imports,0,0,0
01/10/2017,LNG,0,0,0
01/10/2017,Pipeline,0,0,0
01/10/2017,Exports,0,0,0
01/10/2017,LNG,11028,0,0
01/10/2017,Pipeline,2026.014,0,0
01/10/2017,Stock Change,0,0,0
01/10/2017,Gross Inland Deliveries (Calculated),0,0,0
01/10/2017,Statistical Difference (Calculated),0,0,0
01/10/2017,Gross Inland Deliveries (Observed),3704.41,0,0
01/10/2017,of which: Electricity and Heat Generation,0,0,0
01/10/2017,Closing Stocks,0,0,0
01/11/2017,Production,0,0,0
01/11/2017,Receipts from Other Sources,0,0,0
01/11/2017,Imports,0,0,0
01/11/2017,LNG,0,0,0
01/11/2017,Pipeline,0,0,0
01/11/2017,Exports,0,0,0
01/11/2017,LNG,11035,0,0
01/11/2017,Pipeline,1727.045,0,0
01/11/2017,Stock Change,0,0,0
01/11/2017,Gross Inland Deliveries (Calculated),0,0,0
01/11/2017,Statistical Difference (Calculated),0,0,0
01/11/2017,Gross Inland Deliveries (Observed),3409.066,0,0
01/11/2017,of which: Electricity and Heat Generation,0,0,0
01/11/2017,Closing Stocks,0,0,0
01/12/2017,Production,0,0,0
01/12/2017,Receipts from Other Sources,0,0,0
01/12/2017,Imports,0,0,0
01/12/2017,LNG,0,0,0
01/12/2017,Pipeline,0,0,0
01/12/2017,Exports,0,0,0
01/12/2017,LNG,11254,0,0
01/12/2017,Pipeline,1757.4003,0,0
01/12/2017,Stock Change,0,0,0
01/12/2017,Gross Inland Deliveries (Calculated),0,0,0
01/12/2017,Statistical Difference (Calculated),0,0,0
01/12/2017,Gross Inland Deliveries (Observed),3140.8483,0,0
01/12/2017,of which: Electricity and Heat Generation,0,0,0
01/12/2017,Closing Stocks,0,0,0
01/01/2018,Production,0,0,0
01/01/2018,Receipts from Other Sources,0,0,0
01/01/2018,Imports,0,0,0
01/01/2018,LNG,0,0,0
01/01/2018,Pipeline,0,0,0
01/01/2018,Exports,0,0,0
01/01/2018,LNG,12452,0,0
01/01/2018,Pipeline,1469.475,0,0
01/01/2018,Stock Change,0,0,0
01/01/2018,Gross Inland Deliveries (Calculated),0,0,0
01/01/2018,Statistical Difference (Calculated),0,0,0
01/01/2018,Gross Inland Deliveries (Observed),3345.381,0,0
01/01/2018,of which: Electricity and Heat Generation,0,0,0
01/01/2018,Closing Stocks,0,0,0
01/02/2018,Production,0,0,0
01/02/2018,Receipts from Other Sources,0,0,0
01/02/2018,Imports,0,0,0
01/02/2018,LNG,0,0,0
01/02/2018,Pipeline,0,0,0
01/02/2018,Exports,0,0,0
01/02/2018,LNG,10433,0,0
01/02/2018,Pipeline,1513.5922,0,0
01/02/2018,Stock Change,0,0,0
01/02/2018,Gross Inland Deliveries (Calculated),0,0,0
01/02/2018,Statistical Difference (Calculated),0,0,0
01/02/2018,Gross Inland Deliveries (Observed),2775.8441,0,0
01/02/2018,of which: Electricity and Heat Generation,0,0,0
01/02/2018,Closing Stocks,0,0,0
01/03/2018,Production,0,0,0
01/03/2018,Receipts from Other Sources,0,0,0
01/03/2018,Imports,0,0,0
01/03/2018,LNG,0,0,0
01/03/2018,Pipeline,0,0,0
01/03/2018,Exports,0,0,0
01/03/2018,LNG,10826,0,0
01/03/2018,Pipeline,1357.113,0,0
01/03/2018,Stock Change,0,0,0
01/03/2018,Gross Inland Deliveries (Calculated),0,0,0
01/03/2018,Statistical Difference (Calculated),0,0,0
01/03/2018,Gross Inland Deliveries (Observed),2790.597,0,0
01/03/2018,of which: Electricity and Heat Generation,0,0,0
01/03/2018,Closing Stocks,0,0,0
01/04/2018,Production,0,0,0
01/04/2018,Receipts from Other Sources,0,0,0
01/04/2018,Imports,0,0,0
01/04/2018,LNG,0,0,0
01/04/2018,Pipeline,0,0,0
01/04/2018,Exports,0,0,0
01/04/2018,LNG,10887,0,0
01/04/2018,Pipeline,1958.96,0,0
01/04/2018,Stock Change,0,0,0
01/04/2018,Gross Inland Deliveries (Calculated),0,0,0
01/04/2018,Statistical Difference (Calculated),0,0,0
01/04/2018,Gross Inland Deliveries (Observed),3391.226,0,0
01/04/2018,of which: Electricity and Heat Generation,0,0,0
01/04/2018,Closing Stocks,0,0,0
01/05/2018,Production,0,0,0
01/05/2018,Receipts from Other Sources,0,0,0
01/05/2018,Imports,0,0,0
01/05/2018,LNG,0,0,0
01/05/2018,Pipeline,0,0,0
01/05/2018,Exports,0,0,0
01/05/2018,LNG,11615,0,0
01/05/2018,Pipeline,2099.751,0,0
01/05/2018,Stock Change,0,0,0
01/05/2018,Gross Inland Deliveries (Calculated),0,0,0
01/05/2018,Statistical Difference (Calculated),0,0,0
01/05/2018,Gross Inland Deliveries (Observed),3741.279,0,0
01/05/2018,of which: Electricity and Heat Generation,0,0,0
01/05/2018,Closing Stocks,0,0,0
01/06/2018,Production,0,0,0
01/06/2018,Receipts from Other Sources,0,0,0
01/06/2018,Imports,0,0,0
01/06/2018,LNG,0,0,0
01/06/2018,Pipeline,0,0,0
01/06/2018,Exports,0,0,0
01/06/2018,LNG,11219,0,0
01/06/2018,Pipeline,2046.459,0,0
01/06/2018,Stock Change,0,0,0
01/06/2018,Gross Inland Deliveries (Calculated),0,0,0
01/06/2018,Statistical Difference (Calculated),0,0,0
01/06/2018,Gross Inland Deliveries (Observed),3516.103,0,0
01/06/2018,of which: Electricity and Heat Generation,0,0,0
01/06/2018,Closing Stocks,0,0,0
01/07/2018,Production,0,0,0
01/07/2018,Receipts from Other Sources,0,0,0
01/07/2018,Imports,0,0,0
01/07/2018,LNG,0,0,0
01/07/2018,Pipeline,0,0,0
01/07/2018,Exports,0,0,0
01/07/2018,LNG,11219,0,0
01/07/2018,Pipeline,2112.918,0,0
01/07/2018,Stock Change,0,0,0
01/07/2018,Gross Inland Deliveries (Calculated),0,0,0
01/07/2018,Statistical Difference (Calculated),0,0,0
01/07/2018,Gross Inland Deliveries (Observed),3516.103,0,0
01/07/2018,of which: Electricity and Heat Generation,0,0,0
01/07/2018,Closing Stocks,0,0,0
01/08/2018,Production,0,0,0
01/08/2018,Receipts from Other Sources,0,0,0
01/08/2018,Imports,0,0,0
01/08/2018,LNG,0,0,0
01/08/2018,Pipeline,0,0,0
01/08/2018,Exports,0,0,0
01/08/2018,LNG,12003,0,0
01/08/2018,Pipeline,2112.041,0,0
01/08/2018,Stock Change,0,0,0
01/08/2018,Gross Inland Deliveries (Calculated),0,0,0
01/08/2018,Statistical Difference (Calculated),0,0,0
01/08/2018,Gross Inland Deliveries (Observed),3849.251,0,0
01/08/2018,of which: Electricity and Heat Generation,0,0,0
01/08/2018,Closing Stocks,0,0,0
01/09/2018,Production,0,0,0
01/09/2018,Receipts from Other Sources,0,0,0
01/09/2018,Imports,0,0,0
01/09/2018,LNG,0,0,0
01/09/2018,Pipeline,0,0,0
01/09/2018,Exports,0,0,0
01/09/2018,LNG,11477,0,0
01/09/2018,Pipeline,2023.522,0,0
01/09/2018,Stock Change,0,0,0
01/09/2018,Gross Inland Deliveries (Calculated),0,0,0
01/09/2018,Statistical Difference (Calculated),0,0,0
01/09/2018,Gross Inland Deliveries (Observed),3775.202,0,0
01/09/2018,of which: Electricity and Heat Generation,0,0,0
01/09/2018,Closing Stocks,0,0,0
01/10/2018,Production,0,0,0
01/10/2018,Receipts from Other Sources,0,0,0
01/10/2018,Imports,0,0,0
01/10/2018,LNG,0,0,0
01/10/2018,Pipeline,0,0,0
01/10/2018,Exports,0,0,0
01/10/2018,LNG,11411,0,0
01/10/2018,Pipeline,2043.57,0,0
01/10/2018,Stock Change,0,0,0
01/10/2018,Gross Inland Deliveries (Calculated),0,0,0
01/10/2018,Statistical Difference (Calculated),0,0,0
01/10/2018,Gross Inland Deliveries (Observed),3706.166,0,0
01/10/2018,of which: Electricity and Heat Generation,0,0,0
01/10/2018,Closing Stocks,0,0,0
01/11/2018,Production,0,0,0
01/11/2018,Receipts from Other Sources,0,0,0
01/11/2018,Imports,0,0,0
01/11/2018,LNG,0,0,0
01/11/2018,Pipeline,0,0,0
01/11/2018,Exports,0,0,0
01/11/2018,LNG,10906,0,0
01/11/2018,Pipeline,1807.748,0,0
01/11/2018,Stock Change,0,0,0
01/11/2018,Gross Inland Deliveries (Calculated),0,0,0
01/11/2018,Statistical Difference (Calculated),0,0,0
01/11/2018,Gross Inland Deliveries (Observed),3352.149,0,0
01/11/2018,of which: Electricity and Heat Generation,0,0,0
01/11/2018,Closing Stocks,0,0,0
01/12/2018,Production,17232.531,0,0
01/12/2018,Receipts from Other Sources,0,0,0
01/12/2018,Imports,0,0,0
01/12/2018,LNG,0,0,0
01/12/2018,Pipeline,0,0,0
01/12/2018,Exports,0,0,0
01/12/2018,LNG,11359,0,0
01/12/2018,Pipeline,1815.3366,0,0
01/12/2018,Stock Change,0,0,0
01/12/2018,Gross Inland Deliveries (Calculated),0,0,0
01/12/2018,Statistical Difference (Calculated),0,0,0
01/12/2018,Gross Inland Deliveries (Observed),3160.1604,0,0
01/12/2018,of which: Electricity and Heat Generation,0,0,0
01/12/2018,Closing Stocks,0,0,0
01/01/2019,Production,18050.661,0,0
01/01/2019,Receipts from Other Sources,0,0,0
01/01/2019,Imports,0,0,0
01/01/2019,LNG,0,0,0
01/01/2019,Pipeline,0,0,0
01/01/2019,Exports,0,0,0
01/01/2019,LNG,12465,0,0
01/01/2019,Pipeline,1640.65,0,0
01/01/2019,Stock Change,0,0,0
01/01/2019,Gross Inland Deliveries (Calculated),0,0,0
01/01/2019,Statistical Difference (Calculated),0,0,0
01/01/2019,Gross Inland Deliveries (Observed),3378.738,0,0
01/01/2019,of which: Electricity and Heat Generation,0,0,0
01/01/2019,Closing Stocks,0,0,0
01/02/2019,Production,15545.045,0,0
01/02/2019,Receipts from Other Sources,0,0,0
01/02/2019,Imports,0,0,0
01/02/2019,LNG,0,0,0
01/02/2019,Pipeline,0,0,0
01/02/2019,Exports,0,0,0
01/02/2019,LNG,11265,0,0
01/02/2019,Pipeline,1171.072,0,0
01/02/2019,Stock Change,0,0,0
01/02/2019,Gross Inland Deliveries (Calculated),0,0,0
01/02/2019,Statistical Difference (Calculated),0,0,0
01/02/2019,Gross Inland Deliveries (Observed),2712.414,0,0
01/02/2019,of which: Electricity and Heat Generation,0,0,0
01/02/2019,Closing Stocks,0,0,0
01/03/2019,Production,15628.749,0,0
01/03/2019,Receipts from Other Sources,0,0,0
01/03/2019,Imports,0,0,0
01/03/2019,LNG,0,0,0
01/03/2019,Pipeline,0,0,0
01/03/2019,Exports,0,0,0
01/03/2019,LNG,10981,0,0
01/03/2019,Pipeline,1764.423,0,0
01/03/2019,Stock Change,0,0,0
01/03/2019,Gross Inland Deliveries (Calculated),0,0,0
01/03/2019,Statistical Difference (Calculated),0,0,0
01/03/2019,Gross Inland Deliveries (Observed),2529.006,0,0
01/03/2019,of which: Electricity and Heat Generation,0,0,0
01/03/2019,Closing Stocks,0,0,0
01/04/2019,Production,15054.087,0,0
01/04/2019,Receipts from Other Sources,0,0,0
01/04/2019,Imports,0,0,0
01/04/2019,LNG,0,0,0
01/04/2019,Pipeline,0,0,0
01/04/2019,Exports,0,0,0
01/04/2019,LNG,10169,0,0
01/04/2019,Pipeline,1726.195,0,0
01/04/2019,Stock Change,0,0,0
01/04/2019,Gross Inland Deliveries (Calculated),0,0,0
01/04/2019,Statistical Difference (Calculated),0,0,0
01/04/2019,Gross Inland Deliveries (Observed),2999.604,0,0
01/04/2019,of which: Electricity and Heat Generation,0,0,0
01/04/2019,Closing Stocks,0,0,0
01/05/2019,Production,17592.438,0,0
01/05/2019,Receipts from Other Sources,0,0,0
01/05/2019,Imports,0,0,0
01/05/2019,LNG,0,0,0
01/05/2019,Pipeline,0,0,0
01/05/2019,Exports,0,0,0
01/05/2019,LNG,11683,0,0
01/05/2019,Pipeline,1977.734,0,0
01/05/2019,Stock Change,0,0,0
01/05/2019,Gross Inland Deliveries (Calculated),0,0,0
01/05/2019,Statistical Difference (Calculated),0,0,0
01/05/2019,Gross Inland Deliveries (Observed),3576.248,0,0
01/05/2019,of which: Electricity and Heat Generation,0,0,0
01/05/2019,Closing Stocks,0,0,0
01/06/2019,Production,17578.817,0,0
01/06/2019,Receipts from Other Sources,0,0,0
01/06/2019,Imports,0,0,0
01/06/2019,LNG,0,0,0
01/06/2019,Pipeline,0,0,0
01/06/2019,Exports,0,0,0
01/06/2019,LNG,11377,0,0
01/06/2019,Pipeline,2003.134,0,0
01/06/2019,Stock Change,0,0,0
01/06/2019,Gross Inland Deliveries (Calculated),0,0,0
01/06/2019,Statistical Difference (Calculated),0,0,0
01/06/2019,Gross Inland Deliveries (Observed),3806.634,0,0
01/06/2019,of which: Electricity and Heat Generation,0,0,0
01/06/2019,Closing Stocks,0,0,0
01/07/2019,Production,18278.017,0,0
01/07/2019,Receipts from Other Sources,0,0,0
01/07/2019,Imports,0,0,0
01/07/2019,LNG,0,0,0
01/07/2019,Pipeline,0,0,0
01/07/2019,Exports,0,0,0
01/07/2019,LNG,11874,0,0
01/07/2019,Pipeline,2109.407,0,0
01/07/2019,Stock Change,0,0,0
01/07/2019,Gross Inland Deliveries (Calculated),0,0,0
01/07/2019,Statistical Difference (Calculated),0,0,0
01/07/2019,Gross Inland Deliveries (Observed),3923.866,0,0
01/07/2019,of which: Electricity and Heat Generation,0,0,0
01/07/2019,Closing Stocks,0,0,0
01/08/2019,Production,18076.118,0,0
01/08/2019,Receipts from Other Sources,0,0,0
01/08/2019,Imports,0,0,0
01/08/2019,LNG,0,0,0
01/08/2019,Pipeline,0,0,0
01/08/2019,Exports,0,0,0
01/08/2019,LNG,11600,0,0
01/08/2019,Pipeline,2106.774,0,0
01/08/2019,Stock Change,0,0,0
01/08/2019,Gross Inland Deliveries (Calculated),0,0,0
01/08/2019,Statistical Difference (Calculated),0,0,0
01/08/2019,Gross Inland Deliveries (Observed),3960.734,0,0
01/08/2019,of which: Electricity and Heat Generation,0,0,0
01/08/2019,Closing Stocks,0,0,0
01/09/2019,Production,17672.263,0,0
01/09/2019,Receipts from Other Sources,0,0,0
01/09/2019,Imports,0,0,0
01/09/2019,LNG,0,0,0
01/09/2019,Pipeline,0,0,0
01/09/2019,Exports,0,0,0
01/09/2019,LNG,11393,0,0
01/09/2019,Pipeline,2061.75,0,0
01/09/2019,Stock Change,0,0,0
01/09/2019,Gross Inland Deliveries (Calculated),0,0,0
01/09/2019,Statistical Difference (Calculated),0,0,0
01/09/2019,Gross Inland Deliveries (Observed),3807.484,0,0
01/09/2019,of which: Electricity and Heat Generation,0,0,0
01/09/2019,Closing Stocks,0,0,0
01/10/2019,Production,17134.214,0,0
01/10/2019,Receipts from Other Sources,0,0,0
01/10/2019,Imports,0,0,0
01/10/2019,LNG,0,0,0
01/10/2019,Pipeline,0,0,0
01/10/2019,Exports,0,0,0
01/10/2019,LNG,10774,0,0
01/10/2019,Pipeline,2042.693,0,0
01/10/2019,Stock Change,0,0,0
01/10/2019,Gross Inland Deliveries (Calculated),0,0,0
01/10/2019,Statistical Difference (Calculated),0,0,0
01/10/2019,Gross Inland Deliveries (Observed),3880.853,0,0
01/10/2019,of which: Electricity and Heat Generation,0,0,0
01/10/2019,Closing Stocks,0,0,0
01/11/2019,Production,16618.027,0,0
01/11/2019,Receipts from Other Sources,0,0,0
01/11/2019,Imports,0,0,0
01/11/2019,LNG,0,0,0
01/11/2019,Pipeline,0,0,0
01/11/2019,Exports,0,0,0
01/11/2019,LNG,10768,0,0
01/11/2019,Pipeline,1952.164,0,0
01/11/2019,Stock Change,0,0,0
01/11/2019,Gross Inland Deliveries (Calculated),0,0,0
01/11/2019,Statistical Difference (Calculated),0,0,0
01/11/2019,Gross Inland Deliveries (Observed),3439.648,0,0
01/11/2019,of which: Electricity and Heat Generation,0,0,0
01/11/2019,Closing Stocks,0,0,0
01/12/2019,Production,17204.44,0,0
01/12/2019,Receipts from Other Sources,0,0,0
01/12/2019,Imports,0,0,0
01/12/2019,LNG,0,0,0
01/12/2019,Pipeline,0,0,0
01/12/2019,Exports,0,0,0
01/12/2019,LNG,11301,0,0
01/12/2019,Pipeline,1896.9741,0,0
01/12/2019,Stock Change,0,0,0
01/12/2019,Gross Inland Deliveries (Calculated),0,0,0
01/12/2019,Statistical Difference (Calculated),0,0,0
01/12/2019,Gross Inland Deliveries (Observed),3511.2894,0,0
01/12/2019,of which: Electricity and Heat Generation,0,0,0
01/12/2019,Closing Stocks,0,0,0
01/01/2020,Production,17977.802,0,0
01/01/2020,Receipts from Other Sources,0,0,0
01/01/2020,Imports,0,0,0
01/01/2020,LNG,0,0,0
01/01/2020,Pipeline,0,0,0
01/01/2020,Exports,0,0,0
01/01/2020,LNG,12408,0,0
01/01/2020,Pipeline,1528.289,0,0
01/01/2020,Stock Change,0,0,0
01/01/2020,Gross Inland Deliveries (Calculated),0,0,0
01/01/2020,Statistical Difference (Calculated),0,0,0
01/01/2020,Gross Inland Deliveries (Observed),3359.426,0,0
01/01/2020,of which: Electricity and Heat Generation,0,0,0
01/01/2020,Closing Stocks,0,0,0
01/02/2020,Production,15201.731,0,0
01/02/2020,Receipts from Other Sources,0,0,0
01/02/2020,Imports,0,0,0
01/02/2020,LNG,0,0,0
01/02/2020,Pipeline,0,0,0
01/02/2020,Exports,0,0,0
01/02/2020,LNG,10665,0,0
01/02/2020,Pipeline,1221.0225,0,0
01/02/2020,Stock Change,0,0,0
01/02/2020,Gross Inland Deliveries (Calculated),0,0,0
01/02/2020,Statistical Difference (Calculated),0,0,0
01/02/2020,Gross Inland Deliveries (Observed),2843.2382,0,0
01/02/2020,of which: Electricity and Heat Generation,0,0,0
01/02/2020,Closing Stocks,0,0,0
01/03/2020,Production,16527.639,0,0
01/03/2020,Receipts from Other Sources,0,0,0
01/03/2020,Imports,0,0,0
01/03/2020,LNG,0,0,0
01/03/2020,Pipeline,0,0,0
01/03/2020,Exports,0,0,0
01/03/2020,LNG,11711,0,0
01/03/2020,Pipeline,1542.334,0,0
01/03/2020,Stock Change,0,0,0
01/03/2020,Gross Inland Deliveries (Calculated),0,0,0
01/03/2020,Statistical Difference (Calculated),0,0,0
01/03/2020,Gross Inland Deliveries (Observed),3063.6,0,0
01/03/2020,of which: Electricity and Heat Generation,0,0,0
01/03/2020,Closing Stocks,0,0,0
01/04/2020,Production,16273.977,0,0
01/04/2020,Receipts from Other Sources,0,0,0
01/04/2020,Imports,0,0,0
01/04/2020,LNG,0,0,0
01/04/2020,Pipeline,0,0,0
01/04/2020,Exports,0,0,0
01/04/2020,LNG,10384,0,0
01/04/2020,Pipeline,2018.425,0,0
01/04/2020,Stock Change,0,0,0
01/04/2020,Gross Inland Deliveries (Calculated),0,0,0
01/04/2020,Statistical Difference (Calculated),0,0,0
01/04/2020,Gross Inland Deliveries (Observed),3025.089,0,0
01/04/2020,of which: Electricity and Heat Generation,0,0,0
01/04/2020,Closing Stocks,0,0,0
01/05/2020,Production,17706.555,0,0
01/05/2020,Receipts from Other Sources,0,0,0
01/05/2020,Imports,0,0,0
01/05/2020,LNG,0,0,0
01/05/2020,Pipeline,0,0,0
01/05/2020,Exports,0,0,0
01/05/2020,LNG,11068,0,0
01/05/2020,Pipeline,2072.539,0,0
01/05/2020,Stock Change,0,0,0
01/05/2020,Gross Inland Deliveries (Calculated),0,0,0
01/05/2020,Statistical Difference (Calculated),0,0,0
01/05/2020,Gross Inland Deliveries (Observed),3340.992,0,0
01/05/2020,of which: Electricity and Heat Generation,0,0,0
01/05/2020,Closing Stocks,0,0,0
01/06/2020,Production,17572.021,0,0
01/06/2020,Receipts from Other Sources,0,0,0
01/06/2020,Imports,0,0,0
01/06/2020,LNG,0,0,0
01/06/2020,Pipeline,0,0,0
01/06/2020,Exports,0,0,0
01/06/2020,LNG,10880,0,0
01/06/2020,Pipeline,2026.92,0,0
01/06/2020,Stock Change,0,0,0
01/06/2020,Gross Inland Deliveries (Calculated),0,0,0
01/06/2020,Statistical Difference (Calculated),0,0,0
01/06/2020,Gross Inland Deliveries (Observed),3492.317,0,0
01/06/2020,of which: Electricity and Heat Generation,0,0,0
01/06/2020,Closing Stocks,0,0,0
01/07/2020,Production,17922.499,0,0
01/07/2020,Receipts from Other Sources,0,0,0
01/07/2020,Imports,0,0,0
01/07/2020,LNG,0,0,0
01/07/2020,Pipeline,0,0,0
01/07/2020,Exports,0,0,0
01/07/2020,LNG,11223,0,0
01/07/2020,Pipeline,2120.819,0,0
01/07/2020,Stock Change,0,0,0
01/07/2020,Gross Inland Deliveries (Calculated),0,0,0
01/07/2020,Statistical Difference (Calculated),0,0,0
01/07/2020,Gross Inland Deliveries (Observed),3434.919,0,0
01/07/2020,of which: Electricity and Heat Generation,0,0,0
01/07/2020,Closing Stocks,0,0,0
01/08/2020,Production,17993.603,0,0
01/08/2020,Receipts from Other Sources,0,0,0
01/08/2020,Imports,0,0,0
01/08/2020,LNG,0,0,0
01/08/2020,Pipeline,0,0,0
01/08/2020,Exports,0,0,0
01/08/2020,LNG,10760,0,0
01/08/2020,Pipeline,2126.964,0,0
01/08/2020,Stock Change,0,0,0
01/08/2020,Gross Inland Deliveries (Calculated),0,0,0
01/08/2020,Statistical Difference (Calculated),0,0,0
01/08/2020,Gross Inland Deliveries (Observed),3766.736,0,0
01/08/2020,of which: Electricity and Heat Generation,0,0,0
01/08/2020,Closing Stocks,0,0,0
01/09/2020,Production,17448.843,0,0
01/09/2020,Receipts from Other Sources,0,0,0
01/09/2020,Imports,0,0,0
01/09/2020,LNG,0,0,0
01/09/2020,Pipeline,0,0,0
01/09/2020,Exports,0,0,0
01/09/2020,LNG,10498,0,0
01/09/2020,Pipeline,2052.405,0,0
01/09/2020,Stock Change,0,0,0
01/09/2020,Gross Inland Deliveries (Calculated),0,0,0
01/09/2020,Statistical Difference (Calculated),0,0,0
01/09/2020,Gross Inland Deliveries (Observed),3651.175,0,0
01/09/2020,of which: Electricity and Heat Generation,0,0,0
01/09/2020,Closing Stocks,0,0,0
01/10/2020,Production,17873.341,0,0
01/10/2020,Receipts from Other Sources,0,0,0
01/10/2020,Imports,0,0,0
01/10/2020,LNG,0,0,0
01/10/2020,Pipeline,0,0,0
01/10/2020,Exports,0,0,0
01/10/2020,LNG,10766,0,0
01/10/2020,Pipeline,2122.574,0,0
01/10/2020,Stock Change,0,0,0
01/10/2020,Gross Inland Deliveries (Calculated),0,0,0
01/10/2020,Statistical Difference (Calculated),0,0,0
01/10/2020,Gross Inland Deliveries (Observed),3613.117,0,0
01/10/2020,of which: Electricity and Heat Generation,0,0,0
01/10/2020,Closing Stocks,0,0,0
01/11/2020,Production,16021.674,0,0
01/11/2020,Receipts from Other Sources,0,0,0
01/11/2020,Imports,0,0,0
01/11/2020,LNG,0,0,0
01/11/2020,Pipeline,0,0,0
01/11/2020,Exports,0,0,0
01/11/2020,LNG,9240,0,0
01/11/2020,Pipeline,1954.712,0,0
01/11/2020,Stock Change,0,0,0
01/11/2020,Gross Inland Deliveries (Calculated),0,0,0
01/11/2020,Statistical Difference (Calculated),0,0,0
01/11/2020,Gross Inland Deliveries (Observed),3460.885,0,0
01/11/2020,of which: Electricity and Heat Generation,0,0,0
01/11/2020,Closing Stocks,0,0,0
01/12/2020,Production,17196.54,0,0
01/12/2020,Receipts from Other Sources,0,0,0
01/12/2020,Imports,0,0,0
01/12/2020,LNG,0,0,0
01/12/2020,Pipeline,0,0,0
01/12/2020,Exports,0,0,0
01/12/2020,LNG,10946,0,0
01/12/2020,Pipeline,1828.5039,0,0
01/12/2020,Stock Change,0,0,0
01/12/2020,Gross Inland Deliveries (Calculated),0,0,0
01/12/2020,Statistical Difference (Calculated),0,0,0
01/12/2020,Gross Inland Deliveries (Observed),3434.9188,0,0
01/12/2020,of which: Electricity and Heat Generation,0,0,0
01/12/2020,Closing Stocks,0,0,0
01/01/2021,Production,18105.964,0,0
01/01/2021,Receipts from Other Sources,0,0,0
01/01/2021,Imports,0,0,0
01/01/2021,LNG,0,0,0
01/01/2021,Pipeline,0,0,0
01/01/2021,Exports,0,0,0
01/01/2021,LNG,12390,0,0
01/01/2021,Pipeline,1542.334,0,0
01/01/2021,Stock Change,0,0,0
01/01/2021,Gross Inland Deliveries (Calculated),0,0,0
01/01/2021,Statistical Difference (Calculated),0,0,0
01/01/2021,Gross Inland Deliveries (Observed),3343.625,0,0
01/01/2021,of which: Electricity and Heat Generation,0,0,0
01/01/2021,Closing Stocks,0,0,0
01/02/2021,Production,16165.863,0,0
01/02/2021,Receipts from Other Sources,0,0,0
01/02/2021,Imports,0,0,0
01/02/2021,LNG,0,0,0
01/02/2021,Pipeline,0,0,0
01/02/2021,Exports,0,0,0
01/02/2021,LNG,11203,0,0
01/02/2021,Pipeline,1227.3655,0,0
01/02/2021,Stock Change,0,0,0
01/02/2021,Gross Inland Deliveries (Calculated),0,0,0
01/02/2021,Statistical Difference (Calculated),0,0,0
01/02/2021,Gross Inland Deliveries (Observed),3018.4629,0,0
01/02/2021,of which: Electricity and Heat Generation,0,0,0
01/02/2021,Closing Stocks,0,0,0
01/03/2021,Production,16877.013,0,0
01/03/2021,Receipts from Other Sources,0,0,0
01/03/2021,Imports,0,0,0
01/03/2021,LNG,0,0,0
01/03/2021,Pipeline,0,0,0
01/03/2021,Exports,0,0,0
01/03/2021,LNG,11095,0,0
01/03/2021,Pipeline,1698.586,0,0
01/03/2021,Stock Change,0,0,0
01/03/2021,Gross Inland Deliveries (Calculated),0,0,0
01/03/2021,Statistical Difference (Calculated),0,0,0
01/03/2021,Gross Inland Deliveries (Observed),3344.503,0,0
01/03/2021,of which: Electricity and Heat Generation,0,0,0
01/03/2021,Closing Stocks,0,0,0
01/04/2021,Production,17056.371,0,0
01/04/2021,Receipts from Other Sources,0,0,0
01/04/2021,Imports,0,0,0
01/04/2021,LNG,0,0,0
01/04/2021,Pipeline,0,0,0
01/04/2021,Exports,0,0,0
01/04/2021,LNG,10849,0,0
01/04/2021,Pipeline,2025.221,0,0
01/04/2021,Stock Change,0,0,0
01/04/2021,Gross Inland Deliveries (Calculated),0,0,0
01/04/2021,Statistical Difference (Calculated),0,0,0
01/04/2021,Gross Inland Deliveries (Observed),3347.052,0,0
01/04/2021,of which: Electricity and Heat Generation,0,0,0
01/04/2021,Closing Stocks,0,0,0
01/05/2021,Production,18321.03,0,0
01/05/2021,Receipts from Other Sources,0,0,0
01/05/2021,Imports,0,0,0
01/05/2021,LNG,0,0,0
01/05/2021,Pipeline,0,0,0
01/05/2021,Exports,0,0,0
01/05/2021,LNG,11643,0,0
01/05/2021,Pipeline,2124.33,0,0
01/05/2021,Stock Change,0,0,0
01/05/2021,Gross Inland Deliveries (Calculated),0,0,0
01/05/2021,Statistical Difference (Calculated),0,0,0
01/05/2021,Gross Inland Deliveries (Observed),3665.786,0,0
01/05/2021,of which: Electricity and Heat Generation,0,0,0
01/05/2021,Closing Stocks,0,0,0
01/06/2021,Production,17445.445,0,0
01/06/2021,Receipts from Other Sources,0,0,0
01/06/2021,Imports,0,0,0
01/06/2021,LNG,0,0,0
01/06/2021,Pipeline,0,0,0
01/06/2021,Exports,0,0,0
01/06/2021,LNG,10765,0,0
01/06/2021,Pipeline,2064.298,0,0
01/06/2021,Stock Change,0,0,0
01/06/2021,Gross Inland Deliveries (Calculated),0,0,0
01/06/2021,Statistical Difference (Calculated),0,0,0
01/06/2021,Gross Inland Deliveries (Observed),3673.262,0,0
01/06/2021,of which: Electricity and Heat Generation,0,0,0
01/06/2021,Closing Stocks,0,0,0
01/07/2021,Production,17624.917,0,0
01/07/2021,Receipts from Other Sources,0,0,0
01/07/2021,Imports,0,0,0
01/07/2021,LNG,0,0,0
01/07/2021,Pipeline,0,0,0
01/07/2021,Exports,0,0,0
01/07/2021,LNG,10880,0,0
01/07/2021,Pipeline,1929.454,0,0
01/07/2021,Stock Change,0,0,0
01/07/2021,Gross Inland Deliveries (Calculated),0,0,0
01/07/2021,Statistical Difference (Calculated),0,0,0
01/07/2021,Gross Inland Deliveries (Observed),3791.315,0,0
01/07/2021,of which: Electricity and Heat Generation,0,0,0
01/07/2021,Closing Stocks,0,0,0
01/08/2021,Production,17996.236,0,0
01/08/2021,Receipts from Other Sources,0,0,0
01/08/2021,Imports,0,0,0
01/08/2021,LNG,0,0,0
01/08/2021,Pipeline,0,0,0
01/08/2021,Exports,0,0,0
01/08/2021,LNG,11118,0,0
01/08/2021,Pipeline,1935.598,0,0
01/08/2021,Stock Change,0,0,0
01/08/2021,Gross Inland Deliveries (Calculated),0,0,0
01/08/2021,Statistical Difference (Calculated),0,0,0
01/08/2021,Gross Inland Deliveries (Observed),3283.933,0,0
01/08/2021,of which: Electricity and Heat Generation,0,0,0
01/08/2021,Closing Stocks,0,0,0
01/09/2021,Production,17823.475,0,0
01/09/2021,Receipts from Other Sources,0,0,0
01/09/2021,Imports,0,0,0
01/09/2021,LNG,0,0,0
01/09/2021,Pipeline,0,0,0
01/09/2021,Exports,0,0,0
01/09/2021,LNG,11217,0,0
01/09/2021,Pipeline,1867.213,0,0
01/09/2021,Stock Change,0,0,0
01/09/2021,Gross Inland Deliveries (Calculated),0,0,0
01/09/2021,Statistical Difference (Calculated),0,0,0
01/09/2021,Gross Inland Deliveries (Observed),3118.535,0,0
01/09/2021,of which: Electricity and Heat Generation,0,0,0
01/09/2021,Closing Stocks,0,0,0
01/10/2021,Production,17582.782,0,0
01/10/2021,Receipts from Other Sources,0,0,0
01/10/2021,Imports,0,0,0
01/10/2021,LNG,0,0,0
01/10/2021,Pipeline,0,0,0
01/10/2021,Exports,0,0,0
01/10/2021,LNG,11306,0,0
01/10/2021,Pipeline,1832.893,0,0
01/10/2021,Stock Change,0,0,0
01/10/2021,Gross Inland Deliveries (Calculated),0,0,0
01/10/2021,Statistical Difference (Calculated),0,0,0
01/10/2021,Gross Inland Deliveries (Observed),2918.759,0,0
01/10/2021,of which: Electricity and Heat Generation,0,0,0
01/10/2021,Closing Stocks,0,0,0
01/11/2021,Production,16017.426,0,0
01/11/2021,Receipts from Other Sources,0,0,0
01/11/2021,Imports,0,0,0
01/11/2021,LNG,0,0,0
01/11/2021,Pipeline,0,0,0
01/11/2021,Exports,0,0,0
01/11/2021,LNG,10315,0,0
01/11/2021,Pipeline,1718.55,0,0
01/11/2021,Stock Change,0,0,0
01/11/2021,Gross Inland Deliveries (Calculated),0,0,0
01/11/2021,Statistical Difference (Calculated),0,0,0
01/11/2021,Gross Inland Deliveries (Observed),2598.637,0,0
01/11/2021,of which: Electricity and Heat Generation,0,0,0
01/11/2021,Closing Stocks,0,0,0
01/12/2021,Production,17718.844,0,0
01/12/2021,Receipts from Other Sources,0,0,0
01/12/2021,Imports,0,0,0
01/12/2021,LNG,0,0,0
01/12/2021,Pipeline,0,0,0
01/12/2021,Exports,0,0,0
01/12/2021,LNG,11734,0,0
01/12/2021,Pipeline,1718.7761,0,0
01/12/2021,Stock Change,0,0,0
01/12/2021,Gross Inland Deliveries (Calculated),0,0,0
01/12/2021,Statistical Difference (Calculated),0,0,0
01/12/2021,Gross Inland Deliveries (Observed),2657.1682,0,0
01/12/2021,of which: Electricity and Heat Generation,0,0,0
01/12/2021,Closing Stocks,0,0,0
01/01/2022,Production,17872.463,0,0
01/01/2022,Receipts from Other Sources,0,0,0
01/01/2022,Imports,0,0,0
01/01/2022,LNG,0,0,0
01/01/2022,Pipeline,0,0,0
01/01/2022,Exports,0,0,0
01/01/2022,LNG,12433,0,0
01/01/2022,Pipeline,1457.185,0,0
01/01/2022,Stock Change,0,0,0
01/01/2022,Gross Inland Deliveries (Calculated),0,0,0
01/01/2022,Statistical Difference (Calculated),0,0,0
01/01/2022,Gross Inland Deliveries (Observed),2787.964,0,0
01/01/2022,of which: Electricity and Heat Generation,0,0,0
01/01/2022,Closing Stocks,0,0,0
01/02/2022,Production,13504.192,0,0
01/02/2022,Receipts from Other Sources,0,0,0
01/02/2022,Imports,0,0,0
01/02/2022,LNG,0,0,0
01/02/2022,Pipeline,0,0,0
01/02/2022,Exports,0,0,0
01/02/2022,LNG,9315,0,0
01/02/2022,Pipeline,918.1455,0,0
01/02/2022,Stock Change,0,0,0
01/02/2022,Gross Inland Deliveries (Calculated),0,0,0
01/02/2022,Statistical Difference (Calculated),0,0,0
01/02/2022,Gross Inland Deliveries (Observed),2512.6107,0,0
01/02/2022,of which: Electricity and Heat Generation,0,0,0
01/02/2022,Closing Stocks,0,0,0
01/03/2022,Production,16645.267,0,0
01/03/2022,Receipts from Other Sources,0,0,0
01/03/2022,Imports,0,0,0
01/03/2022,LNG,0,0,0
01/03/2022,Pipeline,0,0,0
01/03/2022,Exports,0,0,0
01/03/2022,LNG,10861,0,0
01/03/2022,Pipeline,1877.662,0,0
01/03/2022,Stock Change,0,0,0
01/03/2022,Gross Inland Deliveries (Calculated),0,0,0
01/03/2022,Statistical Difference (Calculated),0,0,0
01/03/2022,Gross Inland Deliveries (Observed),2623.811,0,0
01/03/2022,of which: Electricity and Heat Generation,0,0,0
01/03/2022,Closing Stocks,0,0,0
01/04/2022,Production,18227.84,0,0
01/04/2022,Receipts from Other Sources,0,0,0
01/04/2022,Imports,0,0,0
01/04/2022,LNG,0,0,0
01/04/2022,Pipeline,0,0,0
01/04/2022,Exports,0,0,0
01/04/2022,LNG,11962,0,0
01/04/2022,Pipeline,1842.577,0,0
01/04/2022,Stock Change,0,0,0
01/04/2022,Gross Inland Deliveries (Calculated),0,0,0
01/04/2022,Statistical Difference (Calculated),0,0,0
01/04/2022,Gross Inland Deliveries (Observed),2872.178,0,0
01/04/2022,of which: Electricity and Heat Generation,0,0,0
01/04/2022,Closing Stocks,0,0,0
01/05/2022,Production,18227.84,0,0
01/05/2022,Receipts from Other Sources,0,0,0
01/05/2022,Imports,0,0,0
01/05/2022,LNG,0,0,0
01/05/2022,Pipeline,0,0,0
01/05/2022,Exports,0,0,0
01/05/2022,LNG,11962,0,0
01/05/2022,Pipeline,1842.577,0,0
01/05/2022,Stock Change,0,0,0
01/05/2022,Gross Inland Deliveries (Calculated),0,0,0
01/05/2022,Statistical Difference (Calculated),0,0,0
01/05/2022,Gross Inland Deliveries (Observed),2872.178,0,0
01/05/2022,of which: Electricity and Heat Generation,0,0,0
01/05/2022,Closing Stocks,0,0,0
01/06/2022,Production,17922.867,0,0
01/06/2022,Receipts from Other Sources,0,0,0
01/06/2022,Imports,0,0,0
01/06/2022,LNG,0,0,0
01/06/2022,Pipeline,0,0,0
01/06/2022,Exports,0,0,0
01/06/2022,LNG,11503,0,0
01/06/2022,Pipeline,1787.36,0,0
01/06/2022,Stock Change,0,0,0
01/06/2022,Gross Inland Deliveries (Calculated),0,0,0
01/06/2022,Statistical Difference (Calculated),0,0,0
01/06/2022,Gross Inland Deliveries (Observed),3158.461,0,0
01/06/2022,of which: Electricity and Heat Generation,0,0,0
01/06/2022,Closing Stocks,0,0,0
01/07/2022,Production,18483.427,0,0
01/07/2022,Receipts from Other Sources,0,0,0
01/07/2022,Imports,0,0,0
01/07/2022,LNG,0,0,0
01/07/2022,Pipeline,0,0,0
01/07/2022,Exports,0,0,0
01/07/2022,LNG,11758,0,0
01/07/2022,Pipeline,1931.209,0,0
01/07/2022,Stock Change,0,0,0
01/07/2022,Gross Inland Deliveries (Calculated),0,0,0
01/07/2022,Statistical Difference (Calculated),0,0,0
01/07/2022,Gross Inland Deliveries (Observed),3211.952,0,0
01/07/2022,of which: Electricity and Heat Generation,0,0,0
01/07/2022,Closing Stocks,0,0,0
01/08/2022,Production,18424.613,0,0
01/08/2022,Receipts from Other Sources,0,0,0
01/08/2022,Imports,0,0,0
01/08/2022,LNG,0,0,0
01/08/2022,Pipeline,0,0,0
01/08/2022,Exports,0,0,0
01/08/2022,LNG,11846,0,0
01/08/2022,Pipeline,1921.553,0,0
01/08/2022,Stock Change,0,0,0
01/08/2022,Gross Inland Deliveries (Calculated),0,0,0
01/08/2022,Statistical Difference (Calculated),0,0,0
01/08/2022,Gross Inland Deliveries (Observed),3333.091,0,0
01/08/2022,of which: Electricity and Heat Generation,0,0,0
01/08/2022,Closing Stocks,0,0,0
01/09/2022,Production,17658.671,0,0
01/09/2022,Receipts from Other Sources,0,0,0
01/09/2022,Imports,0,0,0
01/09/2022,LNG,0,0,0
01/09/2022,Pipeline,0,0,0
01/09/2022,Exports,0,0,0
01/09/2022,LNG,11139.566,0,0
01/09/2022,Pipeline,1851.922,0,0
01/09/2022,Stock Change,0,0,0
01/09/2022,Gross Inland Deliveries (Calculated),0,0,0
01/09/2022,Statistical Difference (Calculated),0,0,0
01/09/2022,Gross Inland Deliveries (Observed),3128.729,0,0
01/09/2022,of which: Electricity and Heat Generation,0,0,0
01/09/2022,Closing Stocks,0,0,0
01/10/2022,Production,18588.766,0,0
01/10/2022,Receipts from Other Sources,0,0,0
01/10/2022,Imports,0,0,0
01/10/2022,LNG,0,0,0
01/10/2022,Pipeline,0,0,0
01/10/2022,Exports,0,0,0
01/10/2022,LNG,12046,0,0
01/10/2022,Pipeline,1939.987,0,0
01/10/2022,Stock Change,0,0,0
01/10/2022,Gross Inland Deliveries (Calculated),0,0,0
01/10/2022,Statistical Difference (Calculated),0,0,0
01/10/2022,Gross Inland Deliveries (Observed),3681.587,0,0
01/10/2022,of which: Electricity and Heat Generation,0,0,0
01/10/2022,Closing Stocks,0,0,0
01/11/2022,Production,17787.796,0,0
01/11/2022,Receipts from Other Sources,0,0,0
01/11/2022,Imports,0,0,0
01/11/2022,LNG,0,0,0
01/11/2022,Pipeline,0,0,0
01/11/2022,Exports,0,0,0
01/11/2022,LNG,11634,0,0
01/11/2022,Pipeline,1687.967,0,0
01/11/2022,Stock Change,0,0,0
01/11/2022,Gross Inland Deliveries (Calculated),0,0,0
01/11/2022,Statistical Difference (Calculated),0,0,0
01/11/2022,Gross Inland Deliveries (Observed),3536.491,0,0
01/11/2022,of which: Electricity and Heat Generation,0,0,0
01/11/2022,Closing Stocks,0,0,0
01/12/2022,Production,17145.626,0,0
01/12/2022,Receipts from Other Sources,0,0,0
01/12/2022,Imports,0,0,0
01/12/2022,LNG,0,0,0
01/12/2022,Pipeline,0,0,0
01/12/2022,Exports,0,0,0
01/12/2022,LNG,11235,0,0
01/12/2022,Pipeline,1593.2475,0,0
01/12/2022,Stock Change,0,0,0
01/12/2022,Gross Inland Deliveries (Calculated),0,0,0
01/12/2022,Statistical Difference (Calculated),0,0,0
01/12/2022,Gross Inland Deliveries (Observed),3483.199,0,0
01/12/2022,of which: Electricity and Heat Generation,0,0,0
01/12/2022,Closing Stocks,0,0,0
01/01/2023,Production,17814.527,0,0
01/01/2023,Receipts from Other Sources,0,0,0
01/01/2023,Imports,0,0,0
01/01/2023,LNG,0,0,0
01/01/2023,Pipeline,0,0,0
01/01/2023,Exports,0,0,0
01/01/2023,LNG,12021,0,0
01/01/2023,Pipeline,1502.832,0,0
01/01/2023,Stock Change,0,0,0
01/01/2023,Gross Inland Deliveries (Calculated),0,0,0
01/01/2023,Statistical Difference (Calculated),0,0,0
01/01/2023,Gross Inland Deliveries (Observed),3482.321,0,0
01/01/2023,of which: Electricity and Heat Generation,0,0,0
01/01/2023,Closing Stocks,0,0,0
01/02/2023,Production,16927.926,0,0
01/02/2023,Receipts from Other Sources,0,0,0
01/02/2023,Imports,0,0,0
01/02/2023,LNG,0,0,0
01/02/2023,Pipeline,0,0,0
01/02/2023,Exports,0,0,0
01/02/2023,LNG,11895,0,0
01/02/2023,Pipeline,981.405,0,0
01/02/2023,Stock Change,0,0,0
01/02/2023,Gross Inland Deliveries (Calculated),0,0,0
01/02/2023,Statistical Difference (Calculated),0,0,0
01/02/2023,Gross Inland Deliveries (Observed),3441.064,0,0
01/02/2023,of which: Electricity and Heat Generation,0,0,0
01/02/2023,Closing Stocks,0,0,0
